This is pdfTeX, Version 3.141592653-2.6-1.40.27 (TeX Live 2025) (preloaded format=pdflatex 2025.10.5)  8 MAY 2026 22:10
entering extended mode
 restricted \write18 enabled.
 file:line:error style messages enabled.
 %&-line parsing enabled.
**/Users/hieuphan/Documents/GitHub/phandinhdieu.github.io/BOOKS_PhanDinhDieu/Book_PhanDinhDieu_NghiSuy/main.tex
(/Users/hieuphan/Documents/GitHub/phandinhdieu.github.io/BOOKS_PhanDinhDieu/Book_PhanDinhDieu_NghiSuy/main.tex
LaTeX2e <2024-11-01> patch level 2
L3 programming layer <2025-01-18>
(/usr/local/texlive/2025/texmf-dist/tex/latex/base/book.cls
Document Class: book 2024/06/29 v1.4n Standard LaTeX document class
(/usr/local/texlive/2025/texmf-dist/tex/latex/base/bk12.clo
File: bk12.clo 2024/06/29 v1.4n Standard LaTeX file (size option)
)
\c@part=\count196
\c@chapter=\count197
\c@section=\count198
\c@subsection=\count199
\c@subsubsection=\count266
\c@paragraph=\count267
\c@subparagraph=\count268
\c@figure=\count269
\c@table=\count270
\abovecaptionskip=\skip49
\belowcaptionskip=\skip50
\bibindent=\dimen141
) (/usr/local/texlive/2025/texmf-dist/tex/latex/geometry/geometry.sty
Package: geometry 2020/01/02 v5.9 Page Geometry
 (/usr/local/texlive/2025/texmf-dist/tex/latex/graphics/keyval.sty
Package: keyval 2022/05/29 v1.15 key=value parser (DPC)
\KV@toks@=\toks17
) (/usr/local/texlive/2025/texmf-dist/tex/generic/iftex/ifvtex.sty
Package: ifvtex 2019/10/25 v1.7 ifvtex legacy package. Use iftex instead.
 (/usr/local/texlive/2025/texmf-dist/tex/generic/iftex/iftex.sty
Package: iftex 2024/12/12 v1.0g TeX engine tests
))
\Gm@cnth=\count271
\Gm@cntv=\count272
\c@Gm@tempcnt=\count273
\Gm@bindingoffset=\dimen142
\Gm@wd@mp=\dimen143
\Gm@odd@mp=\dimen144
\Gm@even@mp=\dimen145
\Gm@layoutwidth=\dimen146
\Gm@layoutheight=\dimen147
\Gm@layouthoffset=\dimen148
\Gm@layoutvoffset=\dimen149
\Gm@dimlist=\toks18
) (/usr/local/texlive/2025/texmf-dist/tex/latex/amsmath/amsmath.sty
Package: amsmath 2024/11/05 v2.17t AMS math features
\@mathmargin=\skip51

For additional information on amsmath, use the `?' option.
(/usr/local/texlive/2025/texmf-dist/tex/latex/amsmath/amstext.sty
Package: amstext 2021/08/26 v2.01 AMS text
 (/usr/local/texlive/2025/texmf-dist/tex/latex/amsmath/amsgen.sty
File: amsgen.sty 1999/11/30 v2.0 generic functions
\@emptytoks=\toks19
\ex@=\dimen150
)) (/usr/local/texlive/2025/texmf-dist/tex/latex/amsmath/amsbsy.sty
Package: amsbsy 1999/11/29 v1.2d Bold Symbols
\pmbraise@=\dimen151
) (/usr/local/texlive/2025/texmf-dist/tex/latex/amsmath/amsopn.sty
Package: amsopn 2022/04/08 v2.04 operator names
)
\inf@bad=\count274
LaTeX Info: Redefining \frac on input line 233.
\uproot@=\count275
\leftroot@=\count276
LaTeX Info: Redefining \overline on input line 398.
LaTeX Info: Redefining \colon on input line 409.
\classnum@=\count277
\DOTSCASE@=\count278
LaTeX Info: Redefining \ldots on input line 495.
LaTeX Info: Redefining \dots on input line 498.
LaTeX Info: Redefining \cdots on input line 619.
\Mathstrutbox@=\box52
\strutbox@=\box53
LaTeX Info: Redefining \big on input line 721.
LaTeX Info: Redefining \Big on input line 722.
LaTeX Info: Redefining \bigg on input line 723.
LaTeX Info: Redefining \Bigg on input line 724.
\big@size=\dimen152
LaTeX Font Info:    Redeclaring font encoding OML on input line 742.
LaTeX Font Info:    Redeclaring font encoding OMS on input line 743.
\macc@depth=\count279
LaTeX Info: Redefining \bmod on input line 904.
LaTeX Info: Redefining \pmod on input line 909.
LaTeX Info: Redefining \smash on input line 939.
LaTeX Info: Redefining \relbar on input line 969.
LaTeX Info: Redefining \Relbar on input line 970.
\c@MaxMatrixCols=\count280
\dotsspace@=\muskip17
\c@parentequation=\count281
\dspbrk@lvl=\count282
\tag@help=\toks20
\row@=\count283
\column@=\count284
\maxfields@=\count285
\andhelp@=\toks21
\eqnshift@=\dimen153
\alignsep@=\dimen154
\tagshift@=\dimen155
\tagwidth@=\dimen156
\totwidth@=\dimen157
\lineht@=\dimen158
\@envbody=\toks22
\multlinegap=\skip52
\multlinetaggap=\skip53
\mathdisplay@stack=\toks23
LaTeX Info: Redefining \[ on input line 2953.
LaTeX Info: Redefining \] on input line 2954.
) (/usr/local/texlive/2025/texmf-dist/tex/latex/amsfonts/amssymb.sty
Package: amssymb 2013/01/14 v3.01 AMS font symbols
 (/usr/local/texlive/2025/texmf-dist/tex/latex/amsfonts/amsfonts.sty
Package: amsfonts 2013/01/14 v3.01 Basic AMSFonts support
\symAMSa=\mathgroup4
\symAMSb=\mathgroup5
LaTeX Font Info:    Redeclaring math symbol \hbar on input line 98.
LaTeX Font Info:    Overwriting math alphabet `\mathfrak' in version `bold'
(Font)                  U/euf/m/n --> U/euf/b/n on input line 106.
)) (/usr/local/texlive/2025/texmf-dist/tex/latex/amscls/amsthm.sty
Package: amsthm 2020/05/29 v2.20.6
\thm@style=\toks24
\thm@bodyfont=\toks25
\thm@headfont=\toks26
\thm@notefont=\toks27
\thm@headpunct=\toks28
\thm@preskip=\skip54
\thm@postskip=\skip55
\thm@headsep=\skip56
\dth@everypar=\toks29
) (/usr/local/texlive/2025/texmf-dist/tex/latex/amsfonts/eucal.sty
Package: eucal 2009/06/22 v3.00 Euler Script fonts
LaTeX Font Info:    Overwriting math alphabet `\EuScript' in version `bold'
(Font)                  U/eus/m/n --> U/eus/b/n on input line 33.
) (/usr/local/texlive/2025/texmf-dist/tex/latex/graphics/graphicx.sty
Package: graphicx 2021/09/16 v1.2d Enhanced LaTeX Graphics (DPC,SPQR)
 (/usr/local/texlive/2025/texmf-dist/tex/latex/graphics/graphics.sty
Package: graphics 2024/08/06 v1.4g Standard LaTeX Graphics (DPC,SPQR)
 (/usr/local/texlive/2025/texmf-dist/tex/latex/graphics/trig.sty
Package: trig 2023/12/02 v1.11 sin cos tan (DPC)
) (/usr/local/texlive/2025/texmf-dist/tex/latex/graphics-cfg/graphics.cfg
File: graphics.cfg 2016/06/04 v1.11 sample graphics configuration
)
Package graphics Info: Driver file: pdftex.def on input line 106.
 (/usr/local/texlive/2025/texmf-dist/tex/latex/graphics-def/pdftex.def
File: pdftex.def 2024/04/13 v1.2c Graphics/color driver for pdftex
))
\Gin@req@height=\dimen159
\Gin@req@width=\dimen160
) (/usr/local/texlive/2025/texmf-dist/tex/latex/tools/array.sty
Package: array 2024/10/17 v2.6g Tabular extension package (FMi)
\col@sep=\dimen161
\ar@mcellbox=\box54
\extrarowheight=\dimen162
\NC@list=\toks30
\extratabsurround=\skip57
\backup@length=\skip58
\ar@cellbox=\box55
) (/usr/local/texlive/2025/texmf-dist/tex/latex/tools/tabularx.sty
Package: tabularx 2023/12/11 v2.12a `tabularx' package (DPC)
\TX@col@width=\dimen163
\TX@old@table=\dimen164
\TX@old@col=\dimen165
\TX@target=\dimen166
\TX@delta=\dimen167
\TX@cols=\count286
\TX@ftn=\toks31
) (/usr/local/texlive/2025/texmf-dist/tex/latex/tools/longtable.sty
Package: longtable 2024-10-27 v4.22 Multi-page Table package (DPC)
\LTleft=\skip59
\LTright=\skip60
\LTpre=\skip61
\LTpost=\skip62
\LTchunksize=\count287
\LTcapwidth=\dimen168
\LT@head=\box56
\LT@firsthead=\box57
\LT@foot=\box58
\LT@lastfoot=\box59
\LT@gbox=\box60
\LT@cols=\count288
\LT@rows=\count289
\c@LT@tables=\count290
\c@LT@chunks=\count291
\LT@p@ftn=\toks32
) (/usr/local/texlive/2025/texmf-dist/tex/latex/tools/multicol.sty
Package: multicol 2024/09/14 v1.9i multicolumn formatting (FMi)
\c@tracingmulticols=\count292
\mult@box=\box61
\multicol@leftmargin=\dimen169
\c@unbalance=\count293
\c@collectmore=\count294
\doublecol@number=\count295
\multicoltolerance=\count296
\multicolpretolerance=\count297
\full@width=\dimen170
\page@free=\dimen171
\premulticols=\dimen172
\postmulticols=\dimen173
\multicolsep=\skip63
\multicolbaselineskip=\skip64
\partial@page=\box62
\last@line=\box63
\mc@boxedresult=\box64
\maxbalancingoverflow=\dimen174
\mult@rightbox=\box65
\mult@grightbox=\box66
\mult@firstbox=\box67
\mult@gfirstbox=\box68
\@tempa=\box69
\@tempa=\box70
\@tempa=\box71
\@tempa=\box72
\@tempa=\box73
\@tempa=\box74
\@tempa=\box75
\@tempa=\box76
\@tempa=\box77
\@tempa=\box78
\@tempa=\box79
\@tempa=\box80
\@tempa=\box81
\@tempa=\box82
\@tempa=\box83
\@tempa=\box84
\@tempa=\box85
\@tempa=\box86
\@tempa=\box87
\@tempa=\box88
\@tempa=\box89
\@tempa=\box90
\@tempa=\box91
\@tempa=\box92
\@tempa=\box93
\@tempa=\box94
\@tempa=\box95
\@tempa=\box96
\@tempa=\box97
\@tempa=\box98
\@tempa=\box99
\@tempa=\box100
\@tempa=\box101
\@tempa=\box102
\@tempa=\box103
\@tempa=\box104
\c@minrows=\count298
\c@columnbadness=\count299
\c@finalcolumnbadness=\count300
\last@try=\dimen175
\multicolovershoot=\dimen176
\multicolundershoot=\dimen177
\mult@nat@firstbox=\box105
\colbreak@box=\box106
\mc@col@check@num=\count301
) (/usr/local/texlive/2025/texmf-dist/tex/latex/base/makeidx.sty
Package: makeidx 2021/10/04 v1.0m Standard LaTeX package
) (/usr/local/texlive/2025/texmf-dist/tex/latex/tools/indentfirst.sty
Package: indentfirst 2023/07/02 v1.03 Indent first paragraph (DPC)
) (/usr/local/texlive/2025/texmf-dist/tex/latex/base/inputenc.sty
Package: inputenc 2024/02/08 v1.3d Input encoding file
\inpenc@prehook=\toks33
\inpenc@posthook=\toks34
) (/usr/local/texlive/2025/texmf-dist/tex/latex/vntex/vietnam.sty
Package: vietnam 2009/07/12 v1.3 support for Vietnamese
 (/usr/local/texlive/2025/texmf-dist/tex/latex/base/ifthen.sty
Package: ifthen 2024/03/16 v1.1e Standard LaTeX ifthen package (DPC)
) (/usr/local/texlive/2025/texmf-dist/tex/latex/base/fontenc.sty
Package: fontenc 2021/04/29 v2.0v Standard LaTeX package
 (/usr/local/texlive/2025/texmf-dist/tex/latex/vntex/t5enc.def
File: t5enc.def 2006/11/21 v1.4 Vietnamese T5 encoding
Now handling font encoding T5 ...
... processing UTF-8 mapping file for font encoding T5
 (/usr/local/texlive/2025/texmf-dist/tex/latex/vntex/t5enc.dfu
File: t5enc.dfu 2006/08/19 v1.1 UTF8 support for Vietnamese
   defining Unicode char U+00AB (decimal 171)
   defining Unicode char U+00BB (decimal 187)
   defining Unicode char U+00C0 (decimal 192)
   defining Unicode char U+00C1 (decimal 193)
   defining Unicode char U+00C2 (decimal 194)
   defining Unicode char U+00C3 (decimal 195)
   defining Unicode char U+00C8 (decimal 200)
   defining Unicode char U+00C9 (decimal 201)
   defining Unicode char U+00CA (decimal 202)
   defining Unicode char U+00CC (decimal 204)
   defining Unicode char U+00CD (decimal 205)
   defining Unicode char U+00D2 (decimal 210)
   defining Unicode char U+00D3 (decimal 211)
   defining Unicode char U+00D4 (decimal 212)
   defining Unicode char U+00D5 (decimal 213)
   defining Unicode char U+00D9 (decimal 217)
   defining Unicode char U+00DA (decimal 218)
   defining Unicode char U+00DD (decimal 221)
   defining Unicode char U+00E0 (decimal 224)
   defining Unicode char U+00E1 (decimal 225)
   defining Unicode char U+00E2 (decimal 226)
   defining Unicode char U+00E3 (decimal 227)
   defining Unicode char U+00E8 (decimal 232)
   defining Unicode char U+00E9 (decimal 233)
   defining Unicode char U+00EA (decimal 234)
   defining Unicode char U+00EC (decimal 236)
   defining Unicode char U+00ED (decimal 237)
   defining Unicode char U+00F2 (decimal 242)
   defining Unicode char U+00F3 (decimal 243)
   defining Unicode char U+00F4 (decimal 244)
   defining Unicode char U+00F5 (decimal 245)
   defining Unicode char U+00F9 (decimal 249)
   defining Unicode char U+00FA (decimal 250)
   defining Unicode char U+00FD (decimal 253)
   defining Unicode char U+0102 (decimal 258)
   defining Unicode char U+0103 (decimal 259)
   defining Unicode char U+0110 (decimal 272)
   defining Unicode char U+0111 (decimal 273)
   defining Unicode char U+0128 (decimal 296)
   defining Unicode char U+0129 (decimal 297)
   defining Unicode char U+0131 (decimal 305)
   defining Unicode char U+0168 (decimal 360)
   defining Unicode char U+0169 (decimal 361)
   defining Unicode char U+01A0 (decimal 416)
   defining Unicode char U+01A1 (decimal 417)
   defining Unicode char U+01AF (decimal 431)
   defining Unicode char U+01B0 (decimal 432)
   defining Unicode char U+1EA0 (decimal 7840)
   defining Unicode char U+1EA1 (decimal 7841)
   defining Unicode char U+1EA2 (decimal 7842)
   defining Unicode char U+1EA3 (decimal 7843)
   defining Unicode char U+1EA4 (decimal 7844)
   defining Unicode char U+1EA5 (decimal 7845)
   defining Unicode char U+1EA6 (decimal 7846)
   defining Unicode char U+1EA7 (decimal 7847)
   defining Unicode char U+1EA8 (decimal 7848)
   defining Unicode char U+1EA9 (decimal 7849)
   defining Unicode char U+1EAA (decimal 7850)
   defining Unicode char U+1EAB (decimal 7851)
   defining Unicode char U+1EAC (decimal 7852)
   defining Unicode char U+1EAD (decimal 7853)
   defining Unicode char U+1EAE (decimal 7854)
   defining Unicode char U+1EAF (decimal 7855)
   defining Unicode char U+1EB0 (decimal 7856)
   defining Unicode char U+1EB1 (decimal 7857)
   defining Unicode char U+1EB2 (decimal 7858)
   defining Unicode char U+1EB3 (decimal 7859)
   defining Unicode char U+1EB4 (decimal 7860)
   defining Unicode char U+1EB5 (decimal 7861)
   defining Unicode char U+1EB6 (decimal 7862)
   defining Unicode char U+1EB7 (decimal 7863)
   defining Unicode char U+1EB8 (decimal 7864)
   defining Unicode char U+1EB9 (decimal 7865)
   defining Unicode char U+1EBA (decimal 7866)
   defining Unicode char U+1EBB (decimal 7867)
   defining Unicode char U+1EBC (decimal 7868)
   defining Unicode char U+1EBD (decimal 7869)
   defining Unicode char U+1EBE (decimal 7870)
   defining Unicode char U+1EBF (decimal 7871)
   defining Unicode char U+1EC0 (decimal 7872)
   defining Unicode char U+1EC1 (decimal 7873)
   defining Unicode char U+1EC2 (decimal 7874)
   defining Unicode char U+1EC3 (decimal 7875)
   defining Unicode char U+1EC4 (decimal 7876)
   defining Unicode char U+1EC5 (decimal 7877)
   defining Unicode char U+1EC6 (decimal 7878)
   defining Unicode char U+1EC7 (decimal 7879)
   defining Unicode char U+1EC8 (decimal 7880)
   defining Unicode char U+1EC9 (decimal 7881)
   defining Unicode char U+1ECA (decimal 7882)
   defining Unicode char U+1ECB (decimal 7883)
   defining Unicode char U+1ECC (decimal 7884)
   defining Unicode char U+1ECD (decimal 7885)
   defining Unicode char U+1ECE (decimal 7886)
   defining Unicode char U+1ECF (decimal 7887)
   defining Unicode char U+1ED0 (decimal 7888)
   defining Unicode char U+1ED1 (decimal 7889)
   defining Unicode char U+1ED2 (decimal 7890)
   defining Unicode char U+1ED3 (decimal 7891)
   defining Unicode char U+1ED4 (decimal 7892)
   defining Unicode char U+1ED5 (decimal 7893)
   defining Unicode char U+1ED6 (decimal 7894)
   defining Unicode char U+1ED7 (decimal 7895)
   defining Unicode char U+1ED8 (decimal 7896)
   defining Unicode char U+1ED9 (decimal 7897)
   defining Unicode char U+1EDA (decimal 7898)
   defining Unicode char U+1EDB (decimal 7899)
   defining Unicode char U+1EDC (decimal 7900)
   defining Unicode char U+1EDD (decimal 7901)
   defining Unicode char U+1EDE (decimal 7902)
   defining Unicode char U+1EDF (decimal 7903)
   defining Unicode char U+1EE0 (decimal 7904)
   defining Unicode char U+1EE1 (decimal 7905)
   defining Unicode char U+1EE2 (decimal 7906)
   defining Unicode char U+1EE3 (decimal 7907)
   defining Unicode char U+1EE4 (decimal 7908)
   defining Unicode char U+1EE5 (decimal 7909)
   defining Unicode char U+1EE6 (decimal 7910)
   defining Unicode char U+1EE7 (decimal 7911)
   defining Unicode char U+1EE8 (decimal 7912)
   defining Unicode char U+1EE9 (decimal 7913)
   defining Unicode char U+1EEA (decimal 7914)
   defining Unicode char U+1EEB (decimal 7915)
   defining Unicode char U+1EEC (decimal 7916)
   defining Unicode char U+1EED (decimal 7917)
   defining Unicode char U+1EEE (decimal 7918)
   defining Unicode char U+1EEF (decimal 7919)
   defining Unicode char U+1EF0 (decimal 7920)
   defining Unicode char U+1EF1 (decimal 7921)
   defining Unicode char U+1EF2 (decimal 7922)
   defining Unicode char U+1EF3 (decimal 7923)
   defining Unicode char U+1EF4 (decimal 7924)
   defining Unicode char U+1EF5 (decimal 7925)
   defining Unicode char U+1EF6 (decimal 7926)
   defining Unicode char U+1EF7 (decimal 7927)
   defining Unicode char U+1EF8 (decimal 7928)
   defining Unicode char U+1EF9 (decimal 7929)
   defining Unicode char U+200C (decimal 8204)
   defining Unicode char U+2013 (decimal 8211)
   defining Unicode char U+2014 (decimal 8212)
   defining Unicode char U+2018 (decimal 8216)
   defining Unicode char U+2019 (decimal 8217)
   defining Unicode char U+201A (decimal 8218)
   defining Unicode char U+201C (decimal 8220)
   defining Unicode char U+201D (decimal 8221)
   defining Unicode char U+201E (decimal 8222)
   defining Unicode char U+2030 (decimal 8240)
   defining Unicode char U+2031 (decimal 8241)
   defining Unicode char U+2039 (decimal 8249)
   defining Unicode char U+203A (decimal 8250)
   defining Unicode char U+2423 (decimal 9251)
))
LaTeX Font Info:    Trying to load font information for T5+cmr on input line 116.
 (/usr/local/texlive/2025/texmf-dist/tex/latex/vntex/t5cmr.fd
File: t5cmr.fd 1999/05/25 v2.5h Standard LaTeX font definitions
)) (/usr/local/texlive/2025/texmf-dist/tex/latex/vntex/vncaps.tex
File: vncaps.tex 2006/06/07 v1.1 Captions in Vietnamese
)) (/usr/local/texlive/2025/texmf-dist/tex/latex/hyperref/hyperref.sty
Package: hyperref 2024-11-05 v7.01l Hypertext links for LaTeX
 (/usr/local/texlive/2025/texmf-dist/tex/latex/kvsetkeys/kvsetkeys.sty
Package: kvsetkeys 2022-10-05 v1.19 Key value parser (HO)
) (/usr/local/texlive/2025/texmf-dist/tex/generic/kvdefinekeys/kvdefinekeys.sty
Package: kvdefinekeys 2019-12-19 v1.6 Define keys (HO)
) (/usr/local/texlive/2025/texmf-dist/tex/generic/pdfescape/pdfescape.sty
Package: pdfescape 2019/12/09 v1.15 Implements pdfTeX's escape features (HO)
 (/usr/local/texlive/2025/texmf-dist/tex/generic/ltxcmds/ltxcmds.sty
Package: ltxcmds 2023-12-04 v1.26 LaTeX kernel commands for general use (HO)
) (/usr/local/texlive/2025/texmf-dist/tex/generic/pdftexcmds/pdftexcmds.sty
Package: pdftexcmds 2020-06-27 v0.33 Utility functions of pdfTeX for LuaTeX (HO)
 (/usr/local/texlive/2025/texmf-dist/tex/generic/infwarerr/infwarerr.sty
Package: infwarerr 2019/12/03 v1.5 Providing info/warning/error messages (HO)
)
Package pdftexcmds Info: \pdf@primitive is available.
Package pdftexcmds Info: \pdf@ifprimitive is available.
Package pdftexcmds Info: \pdfdraftmode found.
)) (/usr/local/texlive/2025/texmf-dist/tex/latex/hycolor/hycolor.sty
Package: hycolor 2020-01-27 v1.10 Color options for hyperref/bookmark (HO)
) (/usr/local/texlive/2025/texmf-dist/tex/latex/hyperref/nameref.sty
Package: nameref 2023-11-26 v2.56 Cross-referencing by name of section
 (/usr/local/texlive/2025/texmf-dist/tex/latex/refcount/refcount.sty
Package: refcount 2019/12/15 v3.6 Data extraction from label references (HO)
) (/usr/local/texlive/2025/texmf-dist/tex/generic/gettitlestring/gettitlestring.sty
Package: gettitlestring 2019/12/15 v1.6 Cleanup title references (HO)
 (/usr/local/texlive/2025/texmf-dist/tex/latex/kvoptions/kvoptions.sty
Package: kvoptions 2022-06-15 v3.15 Key value format for package options (HO)
))
\c@section@level=\count302
) (/usr/local/texlive/2025/texmf-dist/tex/latex/etoolbox/etoolbox.sty
Package: etoolbox 2025/02/11 v2.5l e-TeX tools for LaTeX (JAW)
\etb@tempcnta=\count303
) (/usr/local/texlive/2025/texmf-dist/tex/generic/stringenc/stringenc.sty
Package: stringenc 2019/11/29 v1.12 Convert strings between diff. encodings (HO)
)
\@linkdim=\dimen178
\Hy@linkcounter=\count304
\Hy@pagecounter=\count305
 (/usr/local/texlive/2025/texmf-dist/tex/latex/hyperref/pd1enc.def
File: pd1enc.def 2024-11-05 v7.01l Hyperref: PDFDocEncoding definition (HO)
Now handling font encoding PD1 ...
... no UTF-8 mapping file for font encoding PD1
) (/usr/local/texlive/2025/texmf-dist/tex/generic/intcalc/intcalc.sty
Package: intcalc 2019/12/15 v1.3 Expandable calculations with integers (HO)
)
\Hy@SavedSpaceFactor=\count306
 (/usr/local/texlive/2025/texmf-dist/tex/latex/hyperref/puenc.def
File: puenc.def 2024-11-05 v7.01l Hyperref: PDF Unicode definition (HO)
Now handling font encoding PU ...
... no UTF-8 mapping file for font encoding PU
)
Package hyperref Info: Hyper figures OFF on input line 4157.
Package hyperref Info: Link nesting OFF on input line 4162.
Package hyperref Info: Hyper index ON on input line 4165.
Package hyperref Info: Plain pages OFF on input line 4172.
Package hyperref Info: Backreferencing OFF on input line 4177.
Package hyperref Info: Implicit mode ON; LaTeX internals redefined.
Package hyperref Info: Bookmarks ON on input line 4424.
\c@Hy@tempcnt=\count307
 (/usr/local/texlive/2025/texmf-dist/tex/latex/url/url.sty
\Urlmuskip=\muskip18
Package: url 2013/09/16  ver 3.4  Verb mode for urls, etc.
)
LaTeX Info: Redefining \url on input line 4763.
\XeTeXLinkMargin=\dimen179
 (/usr/local/texlive/2025/texmf-dist/tex/generic/bitset/bitset.sty
Package: bitset 2019/12/09 v1.3 Handle bit-vector datatype (HO)
 (/usr/local/texlive/2025/texmf-dist/tex/generic/bigintcalc/bigintcalc.sty
Package: bigintcalc 2019/12/15 v1.5 Expandable calculations on big integers (HO)
))
\Fld@menulength=\count308
\Field@Width=\dimen180
\Fld@charsize=\dimen181
Package hyperref Info: Hyper figures OFF on input line 6042.
Package hyperref Info: Link nesting OFF on input line 6047.
Package hyperref Info: Hyper index ON on input line 6050.
Package hyperref Info: backreferencing OFF on input line 6057.
Package hyperref Info: Link coloring OFF on input line 6062.
Package hyperref Info: Link coloring with OCG OFF on input line 6067.
Package hyperref Info: PDF/A mode OFF on input line 6072.
 (/usr/local/texlive/2025/texmf-dist/tex/latex/base/atbegshi-ltx.sty
Package: atbegshi-ltx 2021/01/10 v1.0c Emulation of the original atbegshi
package with kernel methods
)
\Hy@abspage=\count309
\c@Item=\count310
\c@Hfootnote=\count311
)
Package hyperref Info: Driver (autodetected): hpdftex.
 (/usr/local/texlive/2025/texmf-dist/tex/latex/hyperref/hpdftex.def
File: hpdftex.def 2024-11-05 v7.01l Hyperref driver for pdfTeX
 (/usr/local/texlive/2025/texmf-dist/tex/latex/base/atveryend-ltx.sty
Package: atveryend-ltx 2020/08/19 v1.0a Emulation of the original atveryend package
with kernel methods
)
\Fld@listcount=\count312
\c@bookmark@seq@number=\count313
 (/usr/local/texlive/2025/texmf-dist/tex/latex/rerunfilecheck/rerunfilecheck.sty
Package: rerunfilecheck 2022-07-10 v1.10 Rerun checks for auxiliary files (HO)
 (/usr/local/texlive/2025/texmf-dist/tex/generic/uniquecounter/uniquecounter.sty
Package: uniquecounter 2019/12/15 v1.4 Provide unlimited unique counter (HO)
)
Package uniquecounter Info: New unique counter `rerunfilecheck' on input line 285.
)
\Hy@SectionHShift=\skip65
) (/usr/local/texlive/2025/texmf-dist/tex/latex/wrapfig/wrapfig.sty
\wrapoverhang=\dimen182
\WF@size=\dimen183
\c@WF@wrappedlines=\count314
\WF@box=\box107
\WF@everypar=\toks35
Package: wrapfig 2003/01/31  v 3.6
) (/usr/local/texlive/2025/texmf-dist/tex/latex/changepage/chngpage.sty
Package: chngpage 2009/10/20 v1.2b change page layout
\c@cp@cnt=\count315
\c@cp@tempcnt=\count316
) (/usr/local/texlive/2025/texmf-dist/tex/latex/fancybox/fancybox.sty
Package: fancybox 2010/05/15 1.4

Style option: `fancybox' v1.4 <2010/05/15> (tvz)
\@fancybox=\box108
\shadowsize=\dimen184
\@Sbox=\box109
\do@VerbBox=\toks36
\the@fancyput=\toks37
\this@fancyput=\toks38
\EndVerbatimTokens=\toks39
\Verbatim@Outfile=\write3
\Verbatim@Infile=\read2
) (/usr/local/texlive/2025/texmf-dist/tex/latex/graphics/color.sty
Package: color 2024/06/23 v1.3e Standard LaTeX Color (DPC)
 (/usr/local/texlive/2025/texmf-dist/tex/latex/graphics-cfg/color.cfg
File: color.cfg 2016/01/02 v1.6 sample color configuration
)
Package color Info: Driver file: pdftex.def on input line 149.
 (/usr/local/texlive/2025/texmf-dist/tex/latex/graphics/mathcolor.ltx)) (/usr/local/texlive/2025/texmf-dist/tex/latex/pagecolor/pagecolor.sty
Package: pagecolor 2025-01-28 v1.2d Provides thepagecolor (HMM)
 (/usr/local/texlive/2025/texmf-dist/tex/latex/xcolor/xcolor.sty
Package: xcolor 2024/09/29 v3.02 LaTeX color extensions (UK)
 (/usr/local/texlive/2025/texmf-dist/tex/latex/graphics-cfg/color.cfg
File: color.cfg 2016/01/02 v1.6 sample color configuration
)
Package xcolor Info: Driver file: pdftex.def on input line 274.
LaTeX Info: Redefining \color on input line 762.
 (/usr/local/texlive/2025/texmf-dist/tex/latex/graphics/mathcolor.ltx)
Package xcolor Info: Model `cmy' substituted by `cmy0' on input line 1349.
Package xcolor Info: Model `hsb' substituted by `rgb' on input line 1353.
Package xcolor Info: Model `RGB' extended on input line 1365.
Package xcolor Info: Model `HTML' substituted by `rgb' on input line 1367.
Package xcolor Info: Model `Hsb' substituted by `hsb' on input line 1368.
Package xcolor Info: Model `tHsb' substituted by `hsb' on input line 1369.
Package xcolor Info: Model `HSB' substituted by `hsb' on input line 1370.
Package xcolor Info: Model `Gray' substituted by `gray' on input line 1371.
Package xcolor Info: Model `wave' substituted by `hsb' on input line 1372.
)) (/usr/local/texlive/2025/texmf-dist/tex/latex/wallpaper/wallpaper.sty
Package: wallpaper 2005/01/18, v1.01 easy wallpaper formatting (MHFW)
 (/usr/local/texlive/2025/texmf-dist/tex/latex/tools/calc.sty
Package: calc 2023/07/08 v4.3 Infix arithmetic (KKT,FJ)
\calc@Acount=\count317
\calc@Bcount=\count318
\calc@Adimen=\dimen185
\calc@Bdimen=\dimen186
\calc@Askip=\skip66
\calc@Bskip=\skip67
LaTeX Info: Redefining \setlength on input line 80.
LaTeX Info: Redefining \addtolength on input line 81.
\calc@Ccount=\count319
\calc@Cskip=\skip68
) (/usr/local/texlive/2025/texmf-dist/tex/latex/eso-pic/eso-pic.sty
Package: eso-pic 2023/05/03 v3.0c eso-pic (RN)
\ESO@tempdima=\dimen187
\ESO@tempdimb=\dimen188
)
\wpXoffset=\skip69
\wpYoffset=\skip70
\tileXoffset=\skip71
\tileYoffset=\skip72
\tilewidth=\skip73
\tileheight=\skip74
\tileX=\skip75
\tileY=\skip76
) (/usr/local/texlive/2025/texmf-dist/tex/latex/mdframed/mdframed.sty
Package: mdframed 2013/07/01 1.9b: mdframed
 (/usr/local/texlive/2025/texmf-dist/tex/latex/l3packages/xparse/xparse.sty (/usr/local/texlive/2025/texmf-dist/tex/latex/l3kernel/expl3.sty
Package: expl3 2025-01-18 L3 programming layer (loader) 
 (/usr/local/texlive/2025/texmf-dist/tex/latex/l3backend/l3backend-pdftex.def
File: l3backend-pdftex.def 2024-05-08 L3 backend support: PDF output (pdfTeX)
\l__color_backend_stack_int=\count320
\l__pdf_internal_box=\box110
))
Package: xparse 2024-08-16 L3 Experimental document command parser
) (/usr/local/texlive/2025/texmf-dist/tex/latex/zref/zref-abspage.sty
Package: zref-abspage 2023-09-14 v2.35 Module abspage for zref (HO)
 (/usr/local/texlive/2025/texmf-dist/tex/latex/zref/zref-base.sty
Package: zref-base 2023-09-14 v2.35 Module base for zref (HO)
 (/usr/local/texlive/2025/texmf-dist/tex/generic/etexcmds/etexcmds.sty
Package: etexcmds 2019/12/15 v1.7 Avoid name clashes with e-TeX commands (HO)
) (/usr/local/texlive/2025/texmf-dist/tex/latex/auxhook/auxhook.sty
Package: auxhook 2019-12-17 v1.6 Hooks for auxiliary files (HO)
)
Package zref Info: New property list: main on input line 767.
Package zref Info: New property: default on input line 768.
Package zref Info: New property: page on input line 769.
)
\c@abspage=\count321
Package zref Info: New property: abspage on input line 67.
) (/usr/local/texlive/2025/texmf-dist/tex/latex/needspace/needspace.sty
Package: needspace 2010/09/12 v1.3d reserve vertical space
)
\mdf@templength=\skip77
\c@mdf@globalstyle@cnt=\count322
\mdf@skipabove@length=\skip78
\mdf@skipbelow@length=\skip79
\mdf@leftmargin@length=\skip80
\mdf@rightmargin@length=\skip81
\mdf@innerleftmargin@length=\skip82
\mdf@innerrightmargin@length=\skip83
\mdf@innertopmargin@length=\skip84
\mdf@innerbottommargin@length=\skip85
\mdf@splittopskip@length=\skip86
\mdf@splitbottomskip@length=\skip87
\mdf@outermargin@length=\skip88
\mdf@innermargin@length=\skip89
\mdf@linewidth@length=\skip90
\mdf@innerlinewidth@length=\skip91
\mdf@middlelinewidth@length=\skip92
\mdf@outerlinewidth@length=\skip93
\mdf@roundcorner@length=\skip94
\mdf@footenotedistance@length=\skip95
\mdf@userdefinedwidth@length=\skip96
\mdf@needspace@length=\skip97
\mdf@frametitleaboveskip@length=\skip98
\mdf@frametitlebelowskip@length=\skip99
\mdf@frametitlerulewidth@length=\skip100
\mdf@frametitleleftmargin@length=\skip101
\mdf@frametitlerightmargin@length=\skip102
\mdf@shadowsize@length=\skip103
\mdf@extratopheight@length=\skip104
\mdf@subtitleabovelinewidth@length=\skip105
\mdf@subtitlebelowlinewidth@length=\skip106
\mdf@subtitleaboveskip@length=\skip107
\mdf@subtitlebelowskip@length=\skip108
\mdf@subtitleinneraboveskip@length=\skip109
\mdf@subtitleinnerbelowskip@length=\skip110
\mdf@subsubtitleabovelinewidth@length=\skip111
\mdf@subsubtitlebelowlinewidth@length=\skip112
\mdf@subsubtitleaboveskip@length=\skip113
\mdf@subsubtitlebelowskip@length=\skip114
\mdf@subsubtitleinneraboveskip@length=\skip115
\mdf@subsubtitleinnerbelowskip@length=\skip116
 (/usr/local/texlive/2025/texmf-dist/tex/latex/mdframed/md-frame-0.mdf
File: md-frame-0.mdf 2013/07/01\ 1.9b: md-frame-0
)
\mdf@frametitlebox=\box111
\mdf@footnotebox=\box112
\mdf@splitbox@one=\box113
\mdf@splitbox@two=\box114
\mdf@splitbox@save=\box115
\mdfsplitboxwidth=\skip117
\mdfsplitboxtotalwidth=\skip118
\mdfsplitboxheight=\skip119
\mdfsplitboxdepth=\skip120
\mdfsplitboxtotalheight=\skip121
\mdfframetitleboxwidth=\skip122
\mdfframetitleboxtotalwidth=\skip123
\mdfframetitleboxheight=\skip124
\mdfframetitleboxdepth=\skip125
\mdfframetitleboxtotalheight=\skip126
\mdffootnoteboxwidth=\skip127
\mdffootnoteboxtotalwidth=\skip128
\mdffootnoteboxheight=\skip129
\mdffootnoteboxdepth=\skip130
\mdffootnoteboxtotalheight=\skip131
\mdftotallinewidth=\skip132
\mdfboundingboxwidth=\skip133
\mdfboundingboxtotalwidth=\skip134
\mdfboundingboxheight=\skip135
\mdfboundingboxdepth=\skip136
\mdfboundingboxtotalheight=\skip137
\mdf@freevspace@length=\skip138
\mdf@horizontalwidthofbox@length=\skip139
\mdf@verticalmarginwhole@length=\skip140
\mdf@horizontalspaceofbox=\skip141
\mdfsubtitleheight=\skip142
\mdfsubsubtitleheight=\skip143
\c@mdfcountframes=\count323

****** mdframed patching \endmdf@trivlist

****** -- success******

\mdf@envdepth=\count324
\c@mdf@env@i=\count325
\c@mdf@env@ii=\count326
\c@mdf@zref@counter=\count327
Package zref Info: New property: mdf@pagevalue on input line 895.
) (/usr/local/texlive/2025/texmf-dist/tex/latex/tcolorbox/tcolorbox.sty
Package: tcolorbox 2024/10/22 version 6.4.1 text color boxes
 (/usr/local/texlive/2025/texmf-dist/tex/latex/pgf/frontendlayer/tikz.sty (/usr/local/texlive/2025/texmf-dist/tex/latex/pgf/basiclayer/pgf.sty (/usr/local/texlive/2025/texmf-dist/tex/latex/pgf/utilities/pgfrcs.sty (/usr/local/texlive/2025/texmf-dist/tex/generic/pgf/utilities/pgfutil-common.tex
\pgfutil@everybye=\toks40
\pgfutil@tempdima=\dimen189
\pgfutil@tempdimb=\dimen190
) (/usr/local/texlive/2025/texmf-dist/tex/generic/pgf/utilities/pgfutil-latex.def
\pgfutil@abb=\box116
) (/usr/local/texlive/2025/texmf-dist/tex/generic/pgf/utilities/pgfrcs.code.tex (/usr/local/texlive/2025/texmf-dist/tex/generic/pgf/pgf.revision.tex)
Package: pgfrcs 2023-01-15 v3.1.10 (3.1.10)
))
Package: pgf 2023-01-15 v3.1.10 (3.1.10)
 (/usr/local/texlive/2025/texmf-dist/tex/latex/pgf/basiclayer/pgfcore.sty (/usr/local/texlive/2025/texmf-dist/tex/latex/pgf/systemlayer/pgfsys.sty (/usr/local/texlive/2025/texmf-dist/tex/generic/pgf/systemlayer/pgfsys.code.tex
Package: pgfsys 2023-01-15 v3.1.10 (3.1.10)
 (/usr/local/texlive/2025/texmf-dist/tex/generic/pgf/utilities/pgfkeys.code.tex
\pgfkeys@pathtoks=\toks41
\pgfkeys@temptoks=\toks42
 (/usr/local/texlive/2025/texmf-dist/tex/generic/pgf/utilities/pgfkeyslibraryfiltered.code.tex
\pgfkeys@tmptoks=\toks43
))
\pgf@x=\dimen191
\pgf@y=\dimen192
\pgf@xa=\dimen193
\pgf@ya=\dimen194
\pgf@xb=\dimen195
\pgf@yb=\dimen196
\pgf@xc=\dimen197
\pgf@yc=\dimen198
\pgf@xd=\dimen199
\pgf@yd=\dimen256
\w@pgf@writea=\write4
\r@pgf@reada=\read3
\c@pgf@counta=\count328
\c@pgf@countb=\count329
\c@pgf@countc=\count330
\c@pgf@countd=\count331
\t@pgf@toka=\toks44
\t@pgf@tokb=\toks45
\t@pgf@tokc=\toks46
\pgf@sys@id@count=\count332
 (/usr/local/texlive/2025/texmf-dist/tex/generic/pgf/systemlayer/pgf.cfg
File: pgf.cfg 2023-01-15 v3.1.10 (3.1.10)
)
Driver file for pgf: pgfsys-pdftex.def
 (/usr/local/texlive/2025/texmf-dist/tex/generic/pgf/systemlayer/pgfsys-pdftex.def
File: pgfsys-pdftex.def 2023-01-15 v3.1.10 (3.1.10)
 (/usr/local/texlive/2025/texmf-dist/tex/generic/pgf/systemlayer/pgfsys-common-pdf.def
File: pgfsys-common-pdf.def 2023-01-15 v3.1.10 (3.1.10)
))) (/usr/local/texlive/2025/texmf-dist/tex/generic/pgf/systemlayer/pgfsyssoftpath.code.tex
File: pgfsyssoftpath.code.tex 2023-01-15 v3.1.10 (3.1.10)
\pgfsyssoftpath@smallbuffer@items=\count333
\pgfsyssoftpath@bigbuffer@items=\count334
) (/usr/local/texlive/2025/texmf-dist/tex/generic/pgf/systemlayer/pgfsysprotocol.code.tex
File: pgfsysprotocol.code.tex 2023-01-15 v3.1.10 (3.1.10)
)) (/usr/local/texlive/2025/texmf-dist/tex/generic/pgf/basiclayer/pgfcore.code.tex
Package: pgfcore 2023-01-15 v3.1.10 (3.1.10)
 (/usr/local/texlive/2025/texmf-dist/tex/generic/pgf/math/pgfmath.code.tex (/usr/local/texlive/2025/texmf-dist/tex/generic/pgf/math/pgfmathutil.code.tex) (/usr/local/texlive/2025/texmf-dist/tex/generic/pgf/math/pgfmathparser.code.tex
\pgfmath@dimen=\dimen257
\pgfmath@count=\count335
\pgfmath@box=\box117
\pgfmath@toks=\toks47
\pgfmath@stack@operand=\toks48
\pgfmath@stack@operation=\toks49
) (/usr/local/texlive/2025/texmf-dist/tex/generic/pgf/math/pgfmathfunctions.code.tex) (/usr/local/texlive/2025/texmf-dist/tex/generic/pgf/math/pgfmathfunctions.basic.code.tex) (/usr/local/texlive/2025/texmf-dist/tex/generic/pgf/math/pgfmathfunctions.trigonometric.code.tex) (/usr/local/texlive/2025/texmf-dist/tex/generic/pgf/math/pgfmathfunctions.random.code.tex) (/usr/local/texlive/2025/texmf-dist/tex/generic/pgf/math/pgfmathfunctions.comparison.code.tex) (/usr/local/texlive/2025/texmf-dist/tex/generic/pgf/math/pgfmathfunctions.base.code.tex) (/usr/local/texlive/2025/texmf-dist/tex/generic/pgf/math/pgfmathfunctions.round.code.tex) (/usr/local/texlive/2025/texmf-dist/tex/generic/pgf/math/pgfmathfunctions.misc.code.tex) (/usr/local/texlive/2025/texmf-dist/tex/generic/pgf/math/pgfmathfunctions.integerarithmetics.code.tex) (/usr/local/texlive/2025/texmf-dist/tex/generic/pgf/math/pgfmathcalc.code.tex) (/usr/local/texlive/2025/texmf-dist/tex/generic/pgf/math/pgfmathfloat.code.tex
\c@pgfmathroundto@lastzeros=\count336
)) (/usr/local/texlive/2025/texmf-dist/tex/generic/pgf/math/pgfint.code.tex) (/usr/local/texlive/2025/texmf-dist/tex/generic/pgf/basiclayer/pgfcorepoints.code.tex
File: pgfcorepoints.code.tex 2023-01-15 v3.1.10 (3.1.10)
\pgf@picminx=\dimen258
\pgf@picmaxx=\dimen259
\pgf@picminy=\dimen260
\pgf@picmaxy=\dimen261
\pgf@pathminx=\dimen262
\pgf@pathmaxx=\dimen263
\pgf@pathminy=\dimen264
\pgf@pathmaxy=\dimen265
\pgf@xx=\dimen266
\pgf@xy=\dimen267
\pgf@yx=\dimen268
\pgf@yy=\dimen269
\pgf@zx=\dimen270
\pgf@zy=\dimen271
) (/usr/local/texlive/2025/texmf-dist/tex/generic/pgf/basiclayer/pgfcorepathconstruct.code.tex
File: pgfcorepathconstruct.code.tex 2023-01-15 v3.1.10 (3.1.10)
\pgf@path@lastx=\dimen272
\pgf@path@lasty=\dimen273
) (/usr/local/texlive/2025/texmf-dist/tex/generic/pgf/basiclayer/pgfcorepathusage.code.tex
File: pgfcorepathusage.code.tex 2023-01-15 v3.1.10 (3.1.10)
\pgf@shorten@end@additional=\dimen274
\pgf@shorten@start@additional=\dimen275
) (/usr/local/texlive/2025/texmf-dist/tex/generic/pgf/basiclayer/pgfcorescopes.code.tex
File: pgfcorescopes.code.tex 2023-01-15 v3.1.10 (3.1.10)
\pgfpic=\box118
\pgf@hbox=\box119
\pgf@layerbox@main=\box120
\pgf@picture@serial@count=\count337
) (/usr/local/texlive/2025/texmf-dist/tex/generic/pgf/basiclayer/pgfcoregraphicstate.code.tex
File: pgfcoregraphicstate.code.tex 2023-01-15 v3.1.10 (3.1.10)
\pgflinewidth=\dimen276
) (/usr/local/texlive/2025/texmf-dist/tex/generic/pgf/basiclayer/pgfcoretransformations.code.tex
File: pgfcoretransformations.code.tex 2023-01-15 v3.1.10 (3.1.10)
\pgf@pt@x=\dimen277
\pgf@pt@y=\dimen278
\pgf@pt@temp=\dimen279
) (/usr/local/texlive/2025/texmf-dist/tex/generic/pgf/basiclayer/pgfcorequick.code.tex
File: pgfcorequick.code.tex 2023-01-15 v3.1.10 (3.1.10)
) (/usr/local/texlive/2025/texmf-dist/tex/generic/pgf/basiclayer/pgfcoreobjects.code.tex
File: pgfcoreobjects.code.tex 2023-01-15 v3.1.10 (3.1.10)
) (/usr/local/texlive/2025/texmf-dist/tex/generic/pgf/basiclayer/pgfcorepathprocessing.code.tex
File: pgfcorepathprocessing.code.tex 2023-01-15 v3.1.10 (3.1.10)
) (/usr/local/texlive/2025/texmf-dist/tex/generic/pgf/basiclayer/pgfcorearrows.code.tex
File: pgfcorearrows.code.tex 2023-01-15 v3.1.10 (3.1.10)
\pgfarrowsep=\dimen280
) (/usr/local/texlive/2025/texmf-dist/tex/generic/pgf/basiclayer/pgfcoreshade.code.tex
File: pgfcoreshade.code.tex 2023-01-15 v3.1.10 (3.1.10)
\pgf@max=\dimen281
\pgf@sys@shading@range@num=\count338
\pgf@shadingcount=\count339
) (/usr/local/texlive/2025/texmf-dist/tex/generic/pgf/basiclayer/pgfcoreimage.code.tex
File: pgfcoreimage.code.tex 2023-01-15 v3.1.10 (3.1.10)
) (/usr/local/texlive/2025/texmf-dist/tex/generic/pgf/basiclayer/pgfcoreexternal.code.tex
File: pgfcoreexternal.code.tex 2023-01-15 v3.1.10 (3.1.10)
\pgfexternal@startupbox=\box121
) (/usr/local/texlive/2025/texmf-dist/tex/generic/pgf/basiclayer/pgfcorelayers.code.tex
File: pgfcorelayers.code.tex 2023-01-15 v3.1.10 (3.1.10)
) (/usr/local/texlive/2025/texmf-dist/tex/generic/pgf/basiclayer/pgfcoretransparency.code.tex
File: pgfcoretransparency.code.tex 2023-01-15 v3.1.10 (3.1.10)
) (/usr/local/texlive/2025/texmf-dist/tex/generic/pgf/basiclayer/pgfcorepatterns.code.tex
File: pgfcorepatterns.code.tex 2023-01-15 v3.1.10 (3.1.10)
) (/usr/local/texlive/2025/texmf-dist/tex/generic/pgf/basiclayer/pgfcorerdf.code.tex
File: pgfcorerdf.code.tex 2023-01-15 v3.1.10 (3.1.10)
))) (/usr/local/texlive/2025/texmf-dist/tex/generic/pgf/modules/pgfmoduleshapes.code.tex
File: pgfmoduleshapes.code.tex 2023-01-15 v3.1.10 (3.1.10)
\pgfnodeparttextbox=\box122
) (/usr/local/texlive/2025/texmf-dist/tex/generic/pgf/modules/pgfmoduleplot.code.tex
File: pgfmoduleplot.code.tex 2023-01-15 v3.1.10 (3.1.10)
) (/usr/local/texlive/2025/texmf-dist/tex/latex/pgf/compatibility/pgfcomp-version-0-65.sty
Package: pgfcomp-version-0-65 2023-01-15 v3.1.10 (3.1.10)
\pgf@nodesepstart=\dimen282
\pgf@nodesepend=\dimen283
) (/usr/local/texlive/2025/texmf-dist/tex/latex/pgf/compatibility/pgfcomp-version-1-18.sty
Package: pgfcomp-version-1-18 2023-01-15 v3.1.10 (3.1.10)
)) (/usr/local/texlive/2025/texmf-dist/tex/latex/pgf/utilities/pgffor.sty (/usr/local/texlive/2025/texmf-dist/tex/latex/pgf/utilities/pgfkeys.sty (/usr/local/texlive/2025/texmf-dist/tex/generic/pgf/utilities/pgfkeys.code.tex)) (/usr/local/texlive/2025/texmf-dist/tex/latex/pgf/math/pgfmath.sty (/usr/local/texlive/2025/texmf-dist/tex/generic/pgf/math/pgfmath.code.tex)) (/usr/local/texlive/2025/texmf-dist/tex/generic/pgf/utilities/pgffor.code.tex
Package: pgffor 2023-01-15 v3.1.10 (3.1.10)
\pgffor@iter=\dimen284
\pgffor@skip=\dimen285
\pgffor@stack=\toks50
\pgffor@toks=\toks51
)) (/usr/local/texlive/2025/texmf-dist/tex/generic/pgf/frontendlayer/tikz/tikz.code.tex
Package: tikz 2023-01-15 v3.1.10 (3.1.10)
 (/usr/local/texlive/2025/texmf-dist/tex/generic/pgf/libraries/pgflibraryplothandlers.code.tex
File: pgflibraryplothandlers.code.tex 2023-01-15 v3.1.10 (3.1.10)
\pgf@plot@mark@count=\count340
\pgfplotmarksize=\dimen286
)
\tikz@lastx=\dimen287
\tikz@lasty=\dimen288
\tikz@lastxsaved=\dimen289
\tikz@lastysaved=\dimen290
\tikz@lastmovetox=\dimen291
\tikz@lastmovetoy=\dimen292
\tikzleveldistance=\dimen293
\tikzsiblingdistance=\dimen294
\tikz@figbox=\box123
\tikz@figbox@bg=\box124
\tikz@tempbox=\box125
\tikz@tempbox@bg=\box126
\tikztreelevel=\count341
\tikznumberofchildren=\count342
\tikznumberofcurrentchild=\count343
\tikz@fig@count=\count344
 (/usr/local/texlive/2025/texmf-dist/tex/generic/pgf/modules/pgfmodulematrix.code.tex
File: pgfmodulematrix.code.tex 2023-01-15 v3.1.10 (3.1.10)
\pgfmatrixcurrentrow=\count345
\pgfmatrixcurrentcolumn=\count346
\pgf@matrix@numberofcolumns=\count347
)
\tikz@expandcount=\count348
 (/usr/local/texlive/2025/texmf-dist/tex/generic/pgf/frontendlayer/tikz/libraries/tikzlibrarytopaths.code.tex
File: tikzlibrarytopaths.code.tex 2023-01-15 v3.1.10 (3.1.10)
))) (/usr/local/texlive/2025/texmf-dist/tex/latex/tools/verbatim.sty
Package: verbatim 2024-01-22 v1.5x LaTeX2e package for verbatim enhancements
\every@verbatim=\toks52
\verbatim@line=\toks53
\verbatim@in@stream=\read4
) (/usr/local/texlive/2025/texmf-dist/tex/latex/environ/environ.sty
Package: environ 2014/05/04 v0.3 A new way to define environments
 (/usr/local/texlive/2025/texmf-dist/tex/latex/trimspaces/trimspaces.sty
Package: trimspaces 2009/09/17 v1.1 Trim spaces around a token list
))
\tcb@titlebox=\box127
\tcb@upperbox=\box128
\tcb@lowerbox=\box129
\tcb@phantombox=\box130
\c@tcbbreakpart=\count349
\c@tcblayer=\count350
\c@tcolorbox@number=\count351
\l__tcobox_tmpa_box=\box131
\l__tcobox_tmpa_dim=\dimen295
\tcb@temp=\box132
\tcb@temp=\box133
\tcb@temp=\box134
\tcb@temp=\box135
) (/usr/local/texlive/2025/texmf-dist/tex/latex/adjustbox/adjustbox.sty
Package: adjustbox 2025/02/26 v1.3c Adjusting TeX boxes (trim, clip, ...)
 (/usr/local/texlive/2025/texmf-dist/tex/latex/xkeyval/xkeyval.sty
Package: xkeyval 2022/06/16 v2.9 package option processing (HA)
 (/usr/local/texlive/2025/texmf-dist/tex/generic/xkeyval/xkeyval.tex (/usr/local/texlive/2025/texmf-dist/tex/generic/xkeyval/xkvutils.tex
\XKV@toks=\toks54
\XKV@tempa@toks=\toks55
)
\XKV@depth=\count352
File: xkeyval.tex 2014/12/03 v2.7a key=value parser (HA)
)) (/usr/local/texlive/2025/texmf-dist/tex/latex/adjustbox/adjcalc.sty
Package: adjcalc 2012/05/16 v1.1 Provides advanced setlength with multiple back-ends (calc, etex, pgfmath)
) (/usr/local/texlive/2025/texmf-dist/tex/latex/adjustbox/trimclip.sty
Package: trimclip 2025/02/21 v1.2a Trim and clip general TeX material
 (/usr/local/texlive/2025/texmf-dist/tex/latex/collectbox/collectbox.sty
Package: collectbox 2022/10/17 v0.4c Collect macro arguments as boxes
\collectedbox=\box136
)
\tc@llx=\dimen296
\tc@lly=\dimen297
\tc@urx=\dimen298
\tc@ury=\dimen299
Package trimclip Info: Using driver 'tc-pdftex.def'.
 (/usr/local/texlive/2025/texmf-dist/tex/latex/adjustbox/tc-pdftex.def
File: tc-pdftex.def 2025/02/26 v2.3 Clipping driver for pdftex
))
\adjbox@Width=\dimen300
\adjbox@Height=\dimen301
\adjbox@Depth=\dimen302
\adjbox@Totalheight=\dimen303
\adjbox@pwidth=\dimen304
\adjbox@pheight=\dimen305
\adjbox@pdepth=\dimen306
\adjbox@ptotalheight=\dimen307
 (/usr/local/texlive/2025/texmf-dist/tex/latex/ifoddpage/ifoddpage.sty
Package: ifoddpage 2022/10/18 v1.2 Conditionals for odd/even page detection
\c@checkoddpage=\count353
LaTeX Info: Redefining \checkoddpage on input line 45.
) (/usr/local/texlive/2025/texmf-dist/tex/latex/varwidth/varwidth.sty
Package: varwidth 2009/03/30 ver 0.92;  Variable-width minipages
\@vwid@box=\box137
\sift@deathcycles=\count354
\@vwid@loff=\dimen308
\@vwid@roff=\dimen309
)) (/usr/local/texlive/2025/texmf-dist/tex/latex/epigraph/epigraph.sty
Package: epigraph 2020/01/02 v1.5e typesetting epigraphs
 (/usr/local/texlive/2025/texmf-dist/tex/latex/nextpage/nextpage.sty
Package: nextpage 2009/09/03 v1.1a additional page commands
)
\beforeepigraphskip=\skip144
\afterepigraphskip=\skip145
\epigraphwidth=\skip146
\epigraphrule=\skip147
) (/usr/local/texlive/2025/texmf-dist/tex/latex/caption/subcaption.sty
Package: subcaption 2023/07/28 v1.6b Sub-captions (AR)
 (/usr/local/texlive/2025/texmf-dist/tex/latex/caption/caption.sty
Package: caption 2023/08/05 v3.6o Customizing captions (AR)
 (/usr/local/texlive/2025/texmf-dist/tex/latex/caption/caption3.sty
Package: caption3 2023/07/31 v2.4d caption3 kernel (AR)
\caption@tempdima=\dimen310
\captionmargin=\dimen311
\caption@leftmargin=\dimen312
\caption@rightmargin=\dimen313
\caption@width=\dimen314
\caption@indent=\dimen315
\caption@parindent=\dimen316
\caption@hangindent=\dimen317
Package caption Info: Standard document class detected.
)
\c@caption@flags=\count355
\c@continuedfloat=\count356
Package caption Info: hyperref package is loaded.
Package caption Info: longtable package is loaded.
 (/usr/local/texlive/2025/texmf-dist/tex/latex/caption/ltcaption.sty
Package: ltcaption 2021/01/08 v1.4c longtable captions (AR)
)
Package caption Info: wrapfig package is loaded.
)
Package caption Info: New subtype `subfigure' on input line 238.
\c@subfigure=\count357
Package caption Info: New subtype `subtable' on input line 238.
\c@subtable=\count358
) (/usr/local/texlive/2025/texmf-dist/tex/latex/capt-of/capt-of.sty
Package: capt-of 2009/12/29 v0.2 standard captions outside of floats
) (/usr/local/texlive/2025/texmf-dist/tex/latex/bigfoot/perpage.sty
Package: perpage 2014/10/25 2.0 Reset/sort counters per page
)
\c@pp@a@footnote=\count359
 (/usr/local/texlive/2025/texmf-dist/tex/latex/fancyhdr/fancyhdr.sty
Package: fancyhdr 2025/02/07 v5.2 Extensive control of page headers and footers
\f@nch@headwidth=\skip148
\f@nch@offset@elh=\skip149
\f@nch@offset@erh=\skip150
\f@nch@offset@olh=\skip151
\f@nch@offset@orh=\skip152
\f@nch@offset@elf=\skip153
\f@nch@offset@erf=\skip154
\f@nch@offset@olf=\skip155
\f@nch@offset@orf=\skip156
\f@nch@height=\skip157
\f@nch@footalignment=\skip158
\f@nch@widthL=\skip159
\f@nch@widthC=\skip160
\f@nch@widthR=\skip161
\@temptokenb=\toks56
) (/usr/local/texlive/2025/texmf-dist/tex/latex/titlesec/titlesec.sty
Package: titlesec 2025/01/04 v2.17 Sectioning titles
\ttl@box=\box138
\beforetitleunit=\skip162
\aftertitleunit=\skip163
\ttl@plus=\dimen318
\ttl@minus=\dimen319
\ttl@toksa=\toks57
\titlewidth=\dimen320
\titlewidthlast=\dimen321
\titlewidthfirst=\dimen322
) (/usr/local/texlive/2025/texmf-dist/tex/latex/lipsum/lipsum.sty (/usr/local/texlive/2025/texmf-dist/tex/latex/l3packages/l3keys2e/l3keys2e.sty
Package: l3keys2e 2024-08-16 LaTeX2e option processing using LaTeX3 keys
)
Package: lipsum 2021-09-20 v2.7 150 paragraphs of Lorem Ipsum dummy text
\g__lipsum_par_int=\count360
\l__lipsum_a_int=\count361
\l__lipsum_b_int=\count362
 (/usr/local/texlive/2025/texmf-dist/tex/latex/lipsum/lipsum.ltd.tex))
No file main.aux.
\openout1 = `main.aux'.

LaTeX Font Info:    Checking defaults for OML/cmm/m/it on input line 50.
LaTeX Font Info:    ... okay on input line 50.
LaTeX Font Info:    Checking defaults for OMS/cmsy/m/n on input line 50.
LaTeX Font Info:    ... okay on input line 50.
LaTeX Font Info:    Checking defaults for OT1/cmr/m/n on input line 50.
LaTeX Font Info:    ... okay on input line 50.
LaTeX Font Info:    Checking defaults for T1/cmr/m/n on input line 50.
LaTeX Font Info:    ... okay on input line 50.
LaTeX Font Info:    Checking defaults for TS1/cmr/m/n on input line 50.
LaTeX Font Info:    ... okay on input line 50.
LaTeX Font Info:    Checking defaults for OMX/cmex/m/n on input line 50.
LaTeX Font Info:    ... okay on input line 50.
LaTeX Font Info:    Checking defaults for U/cmr/m/n on input line 50.
LaTeX Font Info:    ... okay on input line 50.
LaTeX Font Info:    Checking defaults for T5/cmr/m/n on input line 50.
LaTeX Font Info:    ... okay on input line 50.
LaTeX Font Info:    Checking defaults for PD1/pdf/m/n on input line 50.
LaTeX Font Info:    ... okay on input line 50.
LaTeX Font Info:    Checking defaults for PU/pdf/m/n on input line 50.
LaTeX Font Info:    ... okay on input line 50.
*geometry* driver: auto-detecting
*geometry* detected driver: pdftex
*geometry* verbose mode - [ preamble ] result:
* driver: pdftex
* paper: a4paper
* layout: <same size as paper>
* layoutoffset:(h,v)=(0.0pt,0.0pt)
* modes: twoside 
* h-part:(L,W,R)=(71.13188pt, 455.24411pt, 71.13188pt)
* v-part:(T,H,B)=(71.13188pt, 702.78308pt, 71.13188pt)
* \paperwidth=597.50787pt
* \paperheight=845.04684pt
* \textwidth=455.24411pt
* \textheight=702.78308pt
* \oddsidemargin=-1.1381pt
* \evensidemargin=-1.1381pt
* \topmargin=-33.0119pt
* \headheight=12.0pt
* \headsep=19.8738pt
* \topskip=12.0pt
* \footskip=30.0pt
* \marginparwidth=98.0pt
* \marginparsep=7.0pt
* \columnsep=10.0pt
* \skip\footins=10.8pt plus 4.0pt minus 2.0pt
* \hoffset=0.0pt
* \voffset=0.0pt
* \mag=1000
* \@twocolumnfalse
* \@twosidetrue
* \@mparswitchtrue
* \@reversemarginfalse
* (1in=72.27pt=25.4mm, 1cm=28.453pt)

(/usr/local/texlive/2025/texmf-dist/tex/context/base/mkii/supp-pdf.mkii
[Loading MPS to PDF converter (version 2006.09.02).]
\scratchcounter=\count363
\scratchdimen=\dimen323
\scratchbox=\box139
\nofMPsegments=\count364
\nofMParguments=\count365
\everyMPshowfont=\toks58
\MPscratchCnt=\count366
\MPscratchDim=\dimen324
\MPnumerator=\count367
\makeMPintoPDFobject=\count368
\everyMPtoPDFconversion=\toks59
) (/usr/local/texlive/2025/texmf-dist/tex/latex/epstopdf-pkg/epstopdf-base.sty
Package: epstopdf-base 2020-01-24 v2.11 Base part for package epstopdf
Package epstopdf-base Info: Redefining graphics rule for `.eps' on input line 485.
 (/usr/local/texlive/2025/texmf-dist/tex/latex/latexconfig/epstopdf-sys.cfg
File: epstopdf-sys.cfg 2010/07/13 v1.3 Configuration of (r)epstopdf for TeX Live
))
Package hyperref Info: Link coloring OFF on input line 50.
\@outlinefile=\write5
\openout5 = `main.out'.

Package caption Info: Begin \AtBeginDocument code.
Package caption Info: End \AtBeginDocument code.


[1

{/usr/local/texlive/2025/texmf-var/fonts/map/pdftex/updmap/pdftex.map}]


Package fancyhdr Warning: \headheight is too small (12.0pt): 
(fancyhdr)                Make it at least 14.49998pt, for example:
(fancyhdr)                \setlength{\headheight}{14.49998pt}.
(fancyhdr)                You might also make \topmargin smaller:
(fancyhdr)                \addtolength{\topmargin}{-2.49998pt}.

[2]
No file main.toc.
\tf@toc=\write6
\openout6 = `main.toc'.



[3

]


Package fancyhdr Warning: \headheight is too small (12.0pt): 
(fancyhdr)                Make it at least 14.49998pt, for example:
(fancyhdr)                \setlength{\headheight}{14.49998pt}.
(fancyhdr)                You might also make \topmargin smaller:
(fancyhdr)                \addtolength{\topmargin}{-2.49998pt}.

[4

]

[5]


Package fancyhdr Warning: \headheight is too small (12.0pt): 
(fancyhdr)                Make it at least 14.49998pt, for example:
(fancyhdr)                \setlength{\headheight}{14.49998pt}.
(fancyhdr)                You might also make \topmargin smaller:
(fancyhdr)                \addtolength{\topmargin}{-2.49998pt}.

[6]


Package fancyhdr Warning: \headheight is too small (12.0pt): 
(fancyhdr)                Make it at least 14.49998pt, for example:
(fancyhdr)                \setlength{\headheight}{14.49998pt}.
(fancyhdr)                You might also make \topmargin smaller:
(fancyhdr)                \addtolength{\topmargin}{-2.49998pt}.

[7]


Package fancyhdr Warning: \headheight is too small (12.0pt): 
(fancyhdr)                Make it at least 14.49998pt, for example:
(fancyhdr)                \setlength{\headheight}{14.49998pt}.
(fancyhdr)                You might also make \topmargin smaller:
(fancyhdr)                \addtolength{\topmargin}{-2.49998pt}.

[8

]

[9]
Underfull \hbox (badness 10000) in paragraph at lines 203--211

 []

LaTeX Font Info:    Trying to load font information for U+msa on input line 219.
(/usr/local/texlive/2025/texmf-dist/tex/latex/amsfonts/umsa.fd
File: umsa.fd 2013/01/14 v3.01 AMS symbols A
)
LaTeX Font Info:    Trying to load font information for U+msb on input line 219.
 (/usr/local/texlive/2025/texmf-dist/tex/latex/amsfonts/umsb.fd
File: umsb.fd 2013/01/14 v3.01 AMS symbols B
)


Package fancyhdr Warning: \headheight is too small (12.0pt): 
(fancyhdr)                Make it at least 14.49998pt, for example:
(fancyhdr)                \setlength{\headheight}{14.49998pt}.
(fancyhdr)                You might also make \topmargin smaller:
(fancyhdr)                \addtolength{\topmargin}{-2.49998pt}.

[10{/usr/local/texlive/2025/texmf-dist/fonts/enc/dvips/cm-super/cm-super-ts1.enc}]
<phandinhdieu1.jpg, id=58, 271.0125pt x 210.7875pt>
File: phandinhdieu1.jpg Graphic file (type jpg)
<use phandinhdieu1.jpg>
Package pdftex.def Info: phandinhdieu1.jpg  used on input line 224.
(pdftex.def)             Requested size: 271.01183pt x 210.78699pt.



Package fancyhdr Warning: \headheight is too small (12.0pt): 
(fancyhdr)                Make it at least 14.49998pt, for example:
(fancyhdr)                \setlength{\headheight}{14.49998pt}.
(fancyhdr)                You might also make \topmargin smaller:
(fancyhdr)                \addtolength{\topmargin}{-2.49998pt}.

[11 <./phandinhdieu1.jpg>]


Package fancyhdr Warning: \headheight is too small (12.0pt): 
(fancyhdr)                Make it at least 14.49998pt, for example:
(fancyhdr)                \setlength{\headheight}{14.49998pt}.
(fancyhdr)                You might also make \topmargin smaller:
(fancyhdr)                \addtolength{\topmargin}{-2.49998pt}.

[12

] (./main.toc)
\tf@toc=\write7
\openout7 = `main.toc'.



[13]


Package fancyhdr Warning: \headheight is too small (12.0pt): 
(fancyhdr)                Make it at least 14.49998pt, for example:
(fancyhdr)                \setlength{\headheight}{14.49998pt}.
(fancyhdr)                You might also make \topmargin smaller:
(fancyhdr)                \addtolength{\topmargin}{-2.49998pt}.

[14

]

[15]

[16]
Ch\uhorn \ohorn ng 1.


[17



]
Underfull \vbox (badness 2961) has occurred while \output is active []




Package fancyhdr Warning: \headheight is too small (12.0pt): 
(fancyhdr)                Make it at least 14.49998pt, for example:
(fancyhdr)                \setlength{\headheight}{14.49998pt}.
(fancyhdr)                You might also make \topmargin smaller:
(fancyhdr)                \addtolength{\topmargin}{-2.49998pt}.

[18]
Underfull \vbox (badness 1248) has occurred while \output is active []




Package fancyhdr Warning: \headheight is too small (12.0pt): 
(fancyhdr)                Make it at least 14.49998pt, for example:
(fancyhdr)                \setlength{\headheight}{14.49998pt}.
(fancyhdr)                You might also make \topmargin smaller:
(fancyhdr)                \addtolength{\topmargin}{-2.49998pt}.

[19]


Package fancyhdr Warning: \headheight is too small (12.0pt): 
(fancyhdr)                Make it at least 14.49998pt, for example:
(fancyhdr)                \setlength{\headheight}{14.49998pt}.
(fancyhdr)                You might also make \topmargin smaller:
(fancyhdr)                \addtolength{\topmargin}{-2.49998pt}.

[20]
Ch\uhorn \ohorn ng 2.


[21

]
Underfull \vbox (badness 2961) has occurred while \output is active []




Package fancyhdr Warning: \headheight is too small (12.0pt): 
(fancyhdr)                Make it at least 14.49998pt, for example:
(fancyhdr)                \setlength{\headheight}{14.49998pt}.
(fancyhdr)                You might also make \topmargin smaller:
(fancyhdr)                \addtolength{\topmargin}{-2.49998pt}.

[22]
Underfull \vbox (badness 10000) has occurred while \output is active []




Package fancyhdr Warning: \headheight is too small (12.0pt): 
(fancyhdr)                Make it at least 14.49998pt, for example:
(fancyhdr)                \setlength{\headheight}{14.49998pt}.
(fancyhdr)                You might also make \topmargin smaller:
(fancyhdr)                \addtolength{\topmargin}{-2.49998pt}.

[23]
Underfull \vbox (badness 2961) has occurred while \output is active []




Package fancyhdr Warning: \headheight is too small (12.0pt): 
(fancyhdr)                Make it at least 14.49998pt, for example:
(fancyhdr)                \setlength{\headheight}{14.49998pt}.
(fancyhdr)                You might also make \topmargin smaller:
(fancyhdr)                \addtolength{\topmargin}{-2.49998pt}.

[24]
Underfull \vbox (badness 2961) has occurred while \output is active []




Package fancyhdr Warning: \headheight is too small (12.0pt): 
(fancyhdr)                Make it at least 14.49998pt, for example:
(fancyhdr)                \setlength{\headheight}{14.49998pt}.
(fancyhdr)                You might also make \topmargin smaller:
(fancyhdr)                \addtolength{\topmargin}{-2.49998pt}.

[25]


Package fancyhdr Warning: \headheight is too small (12.0pt): 
(fancyhdr)                Make it at least 14.49998pt, for example:
(fancyhdr)                \setlength{\headheight}{14.49998pt}.
(fancyhdr)                You might also make \topmargin smaller:
(fancyhdr)                \addtolength{\topmargin}{-2.49998pt}.

[26]
Underfull \vbox (badness 1248) has occurred while \output is active []




Package fancyhdr Warning: \headheight is too small (12.0pt): 
(fancyhdr)                Make it at least 14.49998pt, for example:
(fancyhdr)                \setlength{\headheight}{14.49998pt}.
(fancyhdr)                You might also make \topmargin smaller:
(fancyhdr)                \addtolength{\topmargin}{-2.49998pt}.

[27]


Package fancyhdr Warning: \headheight is too small (12.0pt): 
(fancyhdr)                Make it at least 14.49998pt, for example:
(fancyhdr)                \setlength{\headheight}{14.49998pt}.
(fancyhdr)                You might also make \topmargin smaller:
(fancyhdr)                \addtolength{\topmargin}{-2.49998pt}.

[28]


Package fancyhdr Warning: \headheight is too small (12.0pt): 
(fancyhdr)                Make it at least 14.49998pt, for example:
(fancyhdr)                \setlength{\headheight}{14.49998pt}.
(fancyhdr)                You might also make \topmargin smaller:
(fancyhdr)                \addtolength{\topmargin}{-2.49998pt}.

[29]


Package fancyhdr Warning: \headheight is too small (12.0pt): 
(fancyhdr)                Make it at least 14.49998pt, for example:
(fancyhdr)                \setlength{\headheight}{14.49998pt}.
(fancyhdr)                You might also make \topmargin smaller:
(fancyhdr)                \addtolength{\topmargin}{-2.49998pt}.

[30]
Underfull \vbox (badness 10000) has occurred while \output is active []




Package fancyhdr Warning: \headheight is too small (12.0pt): 
(fancyhdr)                Make it at least 14.49998pt, for example:
(fancyhdr)                \setlength{\headheight}{14.49998pt}.
(fancyhdr)                You might also make \topmargin smaller:
(fancyhdr)                \addtolength{\topmargin}{-2.49998pt}.

[31]
Underfull \vbox (badness 2961) has occurred while \output is active []




Package fancyhdr Warning: \headheight is too small (12.0pt): 
(fancyhdr)                Make it at least 14.49998pt, for example:
(fancyhdr)                \setlength{\headheight}{14.49998pt}.
(fancyhdr)                You might also make \topmargin smaller:
(fancyhdr)                \addtolength{\topmargin}{-2.49998pt}.

[32]


Package fancyhdr Warning: \headheight is too small (12.0pt): 
(fancyhdr)                Make it at least 14.49998pt, for example:
(fancyhdr)                \setlength{\headheight}{14.49998pt}.
(fancyhdr)                You might also make \topmargin smaller:
(fancyhdr)                \addtolength{\topmargin}{-2.49998pt}.

[33]


Package fancyhdr Warning: \headheight is too small (12.0pt): 
(fancyhdr)                Make it at least 14.49998pt, for example:
(fancyhdr)                \setlength{\headheight}{14.49998pt}.
(fancyhdr)                You might also make \topmargin smaller:
(fancyhdr)                \addtolength{\topmargin}{-2.49998pt}.

[34]


Package fancyhdr Warning: \headheight is too small (12.0pt): 
(fancyhdr)                Make it at least 14.49998pt, for example:
(fancyhdr)                \setlength{\headheight}{14.49998pt}.
(fancyhdr)                You might also make \topmargin smaller:
(fancyhdr)                \addtolength{\topmargin}{-2.49998pt}.

[35]


Package fancyhdr Warning: \headheight is too small (12.0pt): 
(fancyhdr)                Make it at least 14.49998pt, for example:
(fancyhdr)                \setlength{\headheight}{14.49998pt}.
(fancyhdr)                You might also make \topmargin smaller:
(fancyhdr)                \addtolength{\topmargin}{-2.49998pt}.

[36]

/Users/hieuphan/Documents/GitHub/phandinhdieu.github.io/BOOKS_PhanDinhDieu/Book_PhanDinhDieu_NghiSuy/main.tex:552: LaTeX Error: Unicode character � (U+FFFD)
               not set up for use with LaTeX.

See the LaTeX manual or LaTeX Companion for explanation.
Type  H <return>  for immediate help.
 ...                                              
                                                  
l.552 ...ện quyền dân chủ, phải xây d�
                                                  ��ng tốt hệ thốn...
You may provide a definition with
\DeclareUnicodeCharacter 


/Users/hieuphan/Documents/GitHub/phandinhdieu.github.io/BOOKS_PhanDinhDieu/Book_PhanDinhDieu_NghiSuy/main.tex:552: LaTeX Error: Unicode character � (U+FFFD)
               not set up for use with LaTeX.

See the LaTeX manual or LaTeX Companion for explanation.
Type  H <return>  for immediate help.
 ...                                              
                                                  
l.552 ...n quyền dân chủ, phải xây d��
                                                  �ng tốt hệ thống l...
You may provide a definition with
\DeclareUnicodeCharacter 


/Users/hieuphan/Documents/GitHub/phandinhdieu.github.io/BOOKS_PhanDinhDieu/Book_PhanDinhDieu_NghiSuy/main.tex:552: LaTeX Error: Unicode character � (U+FFFD)
               not set up for use with LaTeX.

See the LaTeX manual or LaTeX Companion for explanation.
Type  H <return>  for immediate help.
 ...                                              
                                                  
l.552 ...uyền dân chủ, phải xây d���
                                                  ng tốt hệ thống liê...
You may provide a definition with
\DeclareUnicodeCharacter 




Package fancyhdr Warning: \headheight is too small (12.0pt): 
(fancyhdr)                Make it at least 14.49998pt, for example:
(fancyhdr)                \setlength{\headheight}{14.49998pt}.
(fancyhdr)                You might also make \topmargin smaller:
(fancyhdr)                \addtolength{\topmargin}{-2.49998pt}.

[37]
Underfull \vbox (badness 1248) has occurred while \output is active []




Package fancyhdr Warning: \headheight is too small (12.0pt): 
(fancyhdr)                Make it at least 14.49998pt, for example:
(fancyhdr)                \setlength{\headheight}{14.49998pt}.
(fancyhdr)                You might also make \topmargin smaller:
(fancyhdr)                \addtolength{\topmargin}{-2.49998pt}.

[38]


Package fancyhdr Warning: \headheight is too small (12.0pt): 
(fancyhdr)                Make it at least 14.49998pt, for example:
(fancyhdr)                \setlength{\headheight}{14.49998pt}.
(fancyhdr)                You might also make \topmargin smaller:
(fancyhdr)                \addtolength{\topmargin}{-2.49998pt}.

[39]


Package fancyhdr Warning: \headheight is too small (12.0pt): 
(fancyhdr)                Make it at least 14.49998pt, for example:
(fancyhdr)                \setlength{\headheight}{14.49998pt}.
(fancyhdr)                You might also make \topmargin smaller:
(fancyhdr)                \addtolength{\topmargin}{-2.49998pt}.

[40]
Ch\uhorn \ohorn ng 3.
<TQ88.png, id=190, 1086.0575pt x 778.91pt>
File: TQ88.png Graphic file (type png)
<use TQ88.png>
Package pdftex.def Info: TQ88.png  used on input line 621.
(pdftex.def)             Requested size: 325.81976pt x 233.6748pt.


[41

]


Package fancyhdr Warning: \headheight is too small (12.0pt): 
(fancyhdr)                Make it at least 14.49998pt, for example:
(fancyhdr)                \setlength{\headheight}{14.49998pt}.
(fancyhdr)                You might also make \topmargin smaller:
(fancyhdr)                \addtolength{\topmargin}{-2.49998pt}.

[42 <./TQ88.png>]


Package fancyhdr Warning: \headheight is too small (12.0pt): 
(fancyhdr)                Make it at least 14.49998pt, for example:
(fancyhdr)                \setlength{\headheight}{14.49998pt}.
(fancyhdr)                You might also make \topmargin smaller:
(fancyhdr)                \addtolength{\topmargin}{-2.49998pt}.

[43]


Package fancyhdr Warning: \headheight is too small (12.0pt): 
(fancyhdr)                Make it at least 14.49998pt, for example:
(fancyhdr)                \setlength{\headheight}{14.49998pt}.
(fancyhdr)                You might also make \topmargin smaller:
(fancyhdr)                \addtolength{\topmargin}{-2.49998pt}.

[44]


Package fancyhdr Warning: \headheight is too small (12.0pt): 
(fancyhdr)                Make it at least 14.49998pt, for example:
(fancyhdr)                \setlength{\headheight}{14.49998pt}.
(fancyhdr)                You might also make \topmargin smaller:
(fancyhdr)                \addtolength{\topmargin}{-2.49998pt}.

[45]


Package fancyhdr Warning: \headheight is too small (12.0pt): 
(fancyhdr)                Make it at least 14.49998pt, for example:
(fancyhdr)                \setlength{\headheight}{14.49998pt}.
(fancyhdr)                You might also make \topmargin smaller:
(fancyhdr)                \addtolength{\topmargin}{-2.49998pt}.

[46]
Underfull \vbox (badness 1248) has occurred while \output is active []




Package fancyhdr Warning: \headheight is too small (12.0pt): 
(fancyhdr)                Make it at least 14.49998pt, for example:
(fancyhdr)                \setlength{\headheight}{14.49998pt}.
(fancyhdr)                You might also make \topmargin smaller:
(fancyhdr)                \addtolength{\topmargin}{-2.49998pt}.

[47]


Package fancyhdr Warning: \headheight is too small (12.0pt): 
(fancyhdr)                Make it at least 14.49998pt, for example:
(fancyhdr)                \setlength{\headheight}{14.49998pt}.
(fancyhdr)                You might also make \topmargin smaller:
(fancyhdr)                \addtolength{\topmargin}{-2.49998pt}.

[48]


Package fancyhdr Warning: \headheight is too small (12.0pt): 
(fancyhdr)                Make it at least 14.49998pt, for example:
(fancyhdr)                \setlength{\headheight}{14.49998pt}.
(fancyhdr)                You might also make \topmargin smaller:
(fancyhdr)                \addtolength{\topmargin}{-2.49998pt}.

[49]


Package fancyhdr Warning: \headheight is too small (12.0pt): 
(fancyhdr)                Make it at least 14.49998pt, for example:
(fancyhdr)                \setlength{\headheight}{14.49998pt}.
(fancyhdr)                You might also make \topmargin smaller:
(fancyhdr)                \addtolength{\topmargin}{-2.49998pt}.

[50]


Package fancyhdr Warning: \headheight is too small (12.0pt): 
(fancyhdr)                Make it at least 14.49998pt, for example:
(fancyhdr)                \setlength{\headheight}{14.49998pt}.
(fancyhdr)                You might also make \topmargin smaller:
(fancyhdr)                \addtolength{\topmargin}{-2.49998pt}.

[51]
Underfull \hbox (badness 10000) in paragraph at lines 863--871

 []




Package fancyhdr Warning: \headheight is too small (12.0pt): 
(fancyhdr)                Make it at least 14.49998pt, for example:
(fancyhdr)                \setlength{\headheight}{14.49998pt}.
(fancyhdr)                You might also make \topmargin smaller:
(fancyhdr)                \addtolength{\topmargin}{-2.49998pt}.

[52]
File: TQ88.png Graphic file (type png)
<use TQ88.png>
Package pdftex.def Info: TQ88.png  used on input line 885.
(pdftex.def)             Requested size: 325.81976pt x 233.6748pt.



Package fancyhdr Warning: \headheight is too small (12.0pt): 
(fancyhdr)                Make it at least 14.49998pt, for example:
(fancyhdr)                \setlength{\headheight}{14.49998pt}.
(fancyhdr)                You might also make \topmargin smaller:
(fancyhdr)                \addtolength{\topmargin}{-2.49998pt}.

[53]


Package fancyhdr Warning: \headheight is too small (12.0pt): 
(fancyhdr)                Make it at least 14.49998pt, for example:
(fancyhdr)                \setlength{\headheight}{14.49998pt}.
(fancyhdr)                You might also make \topmargin smaller:
(fancyhdr)                \addtolength{\topmargin}{-2.49998pt}.

[54]


Package fancyhdr Warning: \headheight is too small (12.0pt): 
(fancyhdr)                Make it at least 14.49998pt, for example:
(fancyhdr)                \setlength{\headheight}{14.49998pt}.
(fancyhdr)                You might also make \topmargin smaller:
(fancyhdr)                \addtolength{\topmargin}{-2.49998pt}.

[55]


Package fancyhdr Warning: \headheight is too small (12.0pt): 
(fancyhdr)                Make it at least 14.49998pt, for example:
(fancyhdr)                \setlength{\headheight}{14.49998pt}.
(fancyhdr)                You might also make \topmargin smaller:
(fancyhdr)                \addtolength{\topmargin}{-2.49998pt}.

[56]


Package fancyhdr Warning: \headheight is too small (12.0pt): 
(fancyhdr)                Make it at least 14.49998pt, for example:
(fancyhdr)                \setlength{\headheight}{14.49998pt}.
(fancyhdr)                You might also make \topmargin smaller:
(fancyhdr)                \addtolength{\topmargin}{-2.49998pt}.

[57]


Package fancyhdr Warning: \headheight is too small (12.0pt): 
(fancyhdr)                Make it at least 14.49998pt, for example:
(fancyhdr)                \setlength{\headheight}{14.49998pt}.
(fancyhdr)                You might also make \topmargin smaller:
(fancyhdr)                \addtolength{\topmargin}{-2.49998pt}.

[58

]
Ch\uhorn \ohorn ng 4.


[59]


Package fancyhdr Warning: \headheight is too small (12.0pt): 
(fancyhdr)                Make it at least 14.49998pt, for example:
(fancyhdr)                \setlength{\headheight}{14.49998pt}.
(fancyhdr)                You might also make \topmargin smaller:
(fancyhdr)                \addtolength{\topmargin}{-2.49998pt}.

[60]


Package fancyhdr Warning: \headheight is too small (12.0pt): 
(fancyhdr)                Make it at least 14.49998pt, for example:
(fancyhdr)                \setlength{\headheight}{14.49998pt}.
(fancyhdr)                You might also make \topmargin smaller:
(fancyhdr)                \addtolength{\topmargin}{-2.49998pt}.

[61]


Package fancyhdr Warning: \headheight is too small (12.0pt): 
(fancyhdr)                Make it at least 14.49998pt, for example:
(fancyhdr)                \setlength{\headheight}{14.49998pt}.
(fancyhdr)                You might also make \topmargin smaller:
(fancyhdr)                \addtolength{\topmargin}{-2.49998pt}.

[62]


Package fancyhdr Warning: \headheight is too small (12.0pt): 
(fancyhdr)                Make it at least 14.49998pt, for example:
(fancyhdr)                \setlength{\headheight}{14.49998pt}.
(fancyhdr)                You might also make \topmargin smaller:
(fancyhdr)                \addtolength{\topmargin}{-2.49998pt}.

[63]


Package fancyhdr Warning: \headheight is too small (12.0pt): 
(fancyhdr)                Make it at least 14.49998pt, for example:
(fancyhdr)                \setlength{\headheight}{14.49998pt}.
(fancyhdr)                You might also make \topmargin smaller:
(fancyhdr)                \addtolength{\topmargin}{-2.49998pt}.

[64

]
Ch\uhorn \ohorn ng 5.

Underfull \hbox (badness 10000) in paragraph at lines 1210--1218

 []


Underfull \hbox (badness 10000) in paragraph at lines 1221--1222

 []



[65]


Package fancyhdr Warning: \headheight is too small (12.0pt): 
(fancyhdr)                Make it at least 14.49998pt, for example:
(fancyhdr)                \setlength{\headheight}{14.49998pt}.
(fancyhdr)                You might also make \topmargin smaller:
(fancyhdr)                \addtolength{\topmargin}{-2.49998pt}.

[66]
Ch\uhorn \ohorn ng 6.


[67

]


Package fancyhdr Warning: \headheight is too small (12.0pt): 
(fancyhdr)                Make it at least 14.49998pt, for example:
(fancyhdr)                \setlength{\headheight}{14.49998pt}.
(fancyhdr)                You might also make \topmargin smaller:
(fancyhdr)                \addtolength{\topmargin}{-2.49998pt}.

[68]


Package fancyhdr Warning: \headheight is too small (12.0pt): 
(fancyhdr)                Make it at least 14.49998pt, for example:
(fancyhdr)                \setlength{\headheight}{14.49998pt}.
(fancyhdr)                You might also make \topmargin smaller:
(fancyhdr)                \addtolength{\topmargin}{-2.49998pt}.

[69]
Underfull \vbox (badness 2961) has occurred while \output is active []




Package fancyhdr Warning: \headheight is too small (12.0pt): 
(fancyhdr)                Make it at least 14.49998pt, for example:
(fancyhdr)                \setlength{\headheight}{14.49998pt}.
(fancyhdr)                You might also make \topmargin smaller:
(fancyhdr)                \addtolength{\topmargin}{-2.49998pt}.

[70]


Package fancyhdr Warning: \headheight is too small (12.0pt): 
(fancyhdr)                Make it at least 14.49998pt, for example:
(fancyhdr)                \setlength{\headheight}{14.49998pt}.
(fancyhdr)                You might also make \topmargin smaller:
(fancyhdr)                \addtolength{\topmargin}{-2.49998pt}.

[71]


Package fancyhdr Warning: \headheight is too small (12.0pt): 
(fancyhdr)                Make it at least 14.49998pt, for example:
(fancyhdr)                \setlength{\headheight}{14.49998pt}.
(fancyhdr)                You might also make \topmargin smaller:
(fancyhdr)                \addtolength{\topmargin}{-2.49998pt}.

[72

]
Ch\uhorn \ohorn ng 7.


[73]


Package fancyhdr Warning: \headheight is too small (12.0pt): 
(fancyhdr)                Make it at least 14.49998pt, for example:
(fancyhdr)                \setlength{\headheight}{14.49998pt}.
(fancyhdr)                You might also make \topmargin smaller:
(fancyhdr)                \addtolength{\topmargin}{-2.49998pt}.

[74]


Package fancyhdr Warning: \headheight is too small (12.0pt): 
(fancyhdr)                Make it at least 14.49998pt, for example:
(fancyhdr)                \setlength{\headheight}{14.49998pt}.
(fancyhdr)                You might also make \topmargin smaller:
(fancyhdr)                \addtolength{\topmargin}{-2.49998pt}.

[75]


Package fancyhdr Warning: \headheight is too small (12.0pt): 
(fancyhdr)                Make it at least 14.49998pt, for example:
(fancyhdr)                \setlength{\headheight}{14.49998pt}.
(fancyhdr)                You might also make \topmargin smaller:
(fancyhdr)                \addtolength{\topmargin}{-2.49998pt}.

[76]


Package fancyhdr Warning: \headheight is too small (12.0pt): 
(fancyhdr)                Make it at least 14.49998pt, for example:
(fancyhdr)                \setlength{\headheight}{14.49998pt}.
(fancyhdr)                You might also make \topmargin smaller:
(fancyhdr)                \addtolength{\topmargin}{-2.49998pt}.

[77]


Package fancyhdr Warning: \headheight is too small (12.0pt): 
(fancyhdr)                Make it at least 14.49998pt, for example:
(fancyhdr)                \setlength{\headheight}{14.49998pt}.
(fancyhdr)                You might also make \topmargin smaller:
(fancyhdr)                \addtolength{\topmargin}{-2.49998pt}.

[78]
Ch\uhorn \ohorn ng 8.


[79

]
Underfull \vbox (badness 2961) has occurred while \output is active []




Package fancyhdr Warning: \headheight is too small (12.0pt): 
(fancyhdr)                Make it at least 14.49998pt, for example:
(fancyhdr)                \setlength{\headheight}{14.49998pt}.
(fancyhdr)                You might also make \topmargin smaller:
(fancyhdr)                \addtolength{\topmargin}{-2.49998pt}.

[80]


Package fancyhdr Warning: \headheight is too small (12.0pt): 
(fancyhdr)                Make it at least 14.49998pt, for example:
(fancyhdr)                \setlength{\headheight}{14.49998pt}.
(fancyhdr)                You might also make \topmargin smaller:
(fancyhdr)                \addtolength{\topmargin}{-2.49998pt}.

[81]


Package fancyhdr Warning: \headheight is too small (12.0pt): 
(fancyhdr)                Make it at least 14.49998pt, for example:
(fancyhdr)                \setlength{\headheight}{14.49998pt}.
(fancyhdr)                You might also make \topmargin smaller:
(fancyhdr)                \addtolength{\topmargin}{-2.49998pt}.

[82

]
Ch\uhorn \ohorn ng 9.


[83]


Package fancyhdr Warning: \headheight is too small (12.0pt): 
(fancyhdr)                Make it at least 14.49998pt, for example:
(fancyhdr)                \setlength{\headheight}{14.49998pt}.
(fancyhdr)                You might also make \topmargin smaller:
(fancyhdr)                \addtolength{\topmargin}{-2.49998pt}.

[84]


Package fancyhdr Warning: \headheight is too small (12.0pt): 
(fancyhdr)                Make it at least 14.49998pt, for example:
(fancyhdr)                \setlength{\headheight}{14.49998pt}.
(fancyhdr)                You might also make \topmargin smaller:
(fancyhdr)                \addtolength{\topmargin}{-2.49998pt}.

[85]


Package fancyhdr Warning: \headheight is too small (12.0pt): 
(fancyhdr)                Make it at least 14.49998pt, for example:
(fancyhdr)                \setlength{\headheight}{14.49998pt}.
(fancyhdr)                You might also make \topmargin smaller:
(fancyhdr)                \addtolength{\topmargin}{-2.49998pt}.

[86]


Package fancyhdr Warning: \headheight is too small (12.0pt): 
(fancyhdr)                Make it at least 14.49998pt, for example:
(fancyhdr)                \setlength{\headheight}{14.49998pt}.
(fancyhdr)                You might also make \topmargin smaller:
(fancyhdr)                \addtolength{\topmargin}{-2.49998pt}.

[87]


Package fancyhdr Warning: \headheight is too small (12.0pt): 
(fancyhdr)                Make it at least 14.49998pt, for example:
(fancyhdr)                \setlength{\headheight}{14.49998pt}.
(fancyhdr)                You might also make \topmargin smaller:
(fancyhdr)                \addtolength{\topmargin}{-2.49998pt}.

[88]


Package fancyhdr Warning: \headheight is too small (12.0pt): 
(fancyhdr)                Make it at least 14.49998pt, for example:
(fancyhdr)                \setlength{\headheight}{14.49998pt}.
(fancyhdr)                You might also make \topmargin smaller:
(fancyhdr)                \addtolength{\topmargin}{-2.49998pt}.

[89]
Underfull \hbox (badness 10000) in paragraph at lines 1599--1602

 []




Package fancyhdr Warning: \headheight is too small (12.0pt): 
(fancyhdr)                Make it at least 14.49998pt, for example:
(fancyhdr)                \setlength{\headheight}{14.49998pt}.
(fancyhdr)                You might also make \topmargin smaller:
(fancyhdr)                \addtolength{\topmargin}{-2.49998pt}.

[90]
Underfull \hbox (badness 10000) in paragraph at lines 1622--1626

 []


Underfull \hbox (badness 10000) in paragraph at lines 1644--1646

 []




Package fancyhdr Warning: \headheight is too small (12.0pt): 
(fancyhdr)                Make it at least 14.49998pt, for example:
(fancyhdr)                \setlength{\headheight}{14.49998pt}.
(fancyhdr)                You might also make \topmargin smaller:
(fancyhdr)                \addtolength{\topmargin}{-2.49998pt}.

[91]
Underfull \hbox (badness 10000) in paragraph at lines 1658--1662

 []


Underfull \hbox (badness 10000) in paragraph at lines 1678--1679

 []




Package fancyhdr Warning: \headheight is too small (12.0pt): 
(fancyhdr)                Make it at least 14.49998pt, for example:
(fancyhdr)                \setlength{\headheight}{14.49998pt}.
(fancyhdr)                You might also make \topmargin smaller:
(fancyhdr)                \addtolength{\topmargin}{-2.49998pt}.

[92]
Underfull \hbox (badness 10000) in paragraph at lines 1709--1711

 []




Package fancyhdr Warning: \headheight is too small (12.0pt): 
(fancyhdr)                Make it at least 14.49998pt, for example:
(fancyhdr)                \setlength{\headheight}{14.49998pt}.
(fancyhdr)                You might also make \topmargin smaller:
(fancyhdr)                \addtolength{\topmargin}{-2.49998pt}.

[93]


Package fancyhdr Warning: \headheight is too small (12.0pt): 
(fancyhdr)                Make it at least 14.49998pt, for example:
(fancyhdr)                \setlength{\headheight}{14.49998pt}.
(fancyhdr)                You might also make \topmargin smaller:
(fancyhdr)                \addtolength{\topmargin}{-2.49998pt}.

[94]


Package fancyhdr Warning: \headheight is too small (12.0pt): 
(fancyhdr)                Make it at least 14.49998pt, for example:
(fancyhdr)                \setlength{\headheight}{14.49998pt}.
(fancyhdr)                You might also make \topmargin smaller:
(fancyhdr)                \addtolength{\topmargin}{-2.49998pt}.

[95]
Underfull \hbox (badness 10000) in paragraph at lines 1801--1804

 []




Package fancyhdr Warning: \headheight is too small (12.0pt): 
(fancyhdr)                Make it at least 14.49998pt, for example:
(fancyhdr)                \setlength{\headheight}{14.49998pt}.
(fancyhdr)                You might also make \topmargin smaller:
(fancyhdr)                \addtolength{\topmargin}{-2.49998pt}.

[96]
Underfull \hbox (badness 10000) in paragraph at lines 1829--1832

 []




Package fancyhdr Warning: \headheight is too small (12.0pt): 
(fancyhdr)                Make it at least 14.49998pt, for example:
(fancyhdr)                \setlength{\headheight}{14.49998pt}.
(fancyhdr)                You might also make \topmargin smaller:
(fancyhdr)                \addtolength{\topmargin}{-2.49998pt}.

[97]
Underfull \hbox (badness 10000) in paragraph at lines 1862--1865

 []




Package fancyhdr Warning: \headheight is too small (12.0pt): 
(fancyhdr)                Make it at least 14.49998pt, for example:
(fancyhdr)                \setlength{\headheight}{14.49998pt}.
(fancyhdr)                You might also make \topmargin smaller:
(fancyhdr)                \addtolength{\topmargin}{-2.49998pt}.

[98]
Underfull \hbox (badness 10000) in paragraph at lines 1902--1905

 []




Package fancyhdr Warning: \headheight is too small (12.0pt): 
(fancyhdr)                Make it at least 14.49998pt, for example:
(fancyhdr)                \setlength{\headheight}{14.49998pt}.
(fancyhdr)                You might also make \topmargin smaller:
(fancyhdr)                \addtolength{\topmargin}{-2.49998pt}.

[99]


Package fancyhdr Warning: \headheight is too small (12.0pt): 
(fancyhdr)                Make it at least 14.49998pt, for example:
(fancyhdr)                \setlength{\headheight}{14.49998pt}.
(fancyhdr)                You might also make \topmargin smaller:
(fancyhdr)                \addtolength{\topmargin}{-2.49998pt}.

[100]
Ch\uhorn \ohorn ng 10.


[101

]


Package fancyhdr Warning: \headheight is too small (12.0pt): 
(fancyhdr)                Make it at least 14.49998pt, for example:
(fancyhdr)                \setlength{\headheight}{14.49998pt}.
(fancyhdr)                You might also make \topmargin smaller:
(fancyhdr)                \addtolength{\topmargin}{-2.49998pt}.

[102]


Package fancyhdr Warning: \headheight is too small (12.0pt): 
(fancyhdr)                Make it at least 14.49998pt, for example:
(fancyhdr)                \setlength{\headheight}{14.49998pt}.
(fancyhdr)                You might also make \topmargin smaller:
(fancyhdr)                \addtolength{\topmargin}{-2.49998pt}.

[103]


Package fancyhdr Warning: \headheight is too small (12.0pt): 
(fancyhdr)                Make it at least 14.49998pt, for example:
(fancyhdr)                \setlength{\headheight}{14.49998pt}.
(fancyhdr)                You might also make \topmargin smaller:
(fancyhdr)                \addtolength{\topmargin}{-2.49998pt}.

[104]


Package fancyhdr Warning: \headheight is too small (12.0pt): 
(fancyhdr)                Make it at least 14.49998pt, for example:
(fancyhdr)                \setlength{\headheight}{14.49998pt}.
(fancyhdr)                You might also make \topmargin smaller:
(fancyhdr)                \addtolength{\topmargin}{-2.49998pt}.

[105]


Package fancyhdr Warning: \headheight is too small (12.0pt): 
(fancyhdr)                Make it at least 14.49998pt, for example:
(fancyhdr)                \setlength{\headheight}{14.49998pt}.
(fancyhdr)                You might also make \topmargin smaller:
(fancyhdr)                \addtolength{\topmargin}{-2.49998pt}.

[106]


Package fancyhdr Warning: \headheight is too small (12.0pt): 
(fancyhdr)                Make it at least 14.49998pt, for example:
(fancyhdr)                \setlength{\headheight}{14.49998pt}.
(fancyhdr)                You might also make \topmargin smaller:
(fancyhdr)                \addtolength{\topmargin}{-2.49998pt}.

[107]


Package fancyhdr Warning: \headheight is too small (12.0pt): 
(fancyhdr)                Make it at least 14.49998pt, for example:
(fancyhdr)                \setlength{\headheight}{14.49998pt}.
(fancyhdr)                You might also make \topmargin smaller:
(fancyhdr)                \addtolength{\topmargin}{-2.49998pt}.

[108]


Package fancyhdr Warning: \headheight is too small (12.0pt): 
(fancyhdr)                Make it at least 14.49998pt, for example:
(fancyhdr)                \setlength{\headheight}{14.49998pt}.
(fancyhdr)                You might also make \topmargin smaller:
(fancyhdr)                \addtolength{\topmargin}{-2.49998pt}.

[109]


Package fancyhdr Warning: \headheight is too small (12.0pt): 
(fancyhdr)                Make it at least 14.49998pt, for example:
(fancyhdr)                \setlength{\headheight}{14.49998pt}.
(fancyhdr)                You might also make \topmargin smaller:
(fancyhdr)                \addtolength{\topmargin}{-2.49998pt}.

[110]

/Users/hieuphan/Documents/GitHub/phandinhdieu.github.io/BOOKS_PhanDinhDieu/Book_PhanDinhDieu_NghiSuy/main.tex:2177: LaTeX Error: Unicode character � (U+FFFD)
               not set up for use with LaTeX.

See the LaTeX manual or LaTeX Companion for explanation.
Type  H <return>  for immediate help.
 ...                                              
                                                  
l.2177 ...hội đã thông qua. Chúng tôi ch�
                                                  �� tính them những ...
You may provide a definition with
\DeclareUnicodeCharacter 


/Users/hieuphan/Documents/GitHub/phandinhdieu.github.io/BOOKS_PhanDinhDieu/Book_PhanDinhDieu_NghiSuy/main.tex:2177: LaTeX Error: Unicode character � (U+FFFD)
               not set up for use with LaTeX.

See the LaTeX manual or LaTeX Companion for explanation.
Type  H <return>  for immediate help.
 ...                                              
                                                  
l.2177 ...�i đã thông qua. Chúng tôi ch��
                                                  � tính them những y�...
You may provide a definition with
\DeclareUnicodeCharacter 


/Users/hieuphan/Documents/GitHub/phandinhdieu.github.io/BOOKS_PhanDinhDieu/Book_PhanDinhDieu_NghiSuy/main.tex:2177: LaTeX Error: Unicode character � (U+FFFD)
               not set up for use with LaTeX.

See the LaTeX manual or LaTeX Companion for explanation.
Type  H <return>  for immediate help.
 ...                                              
                                                  
l.2177 ...đã thông qua. Chúng tôi ch���
                                                   tính them những yếu ...
You may provide a definition with
\DeclareUnicodeCharacter 




Package fancyhdr Warning: \headheight is too small (12.0pt): 
(fancyhdr)                Make it at least 14.49998pt, for example:
(fancyhdr)                \setlength{\headheight}{14.49998pt}.
(fancyhdr)                You might also make \topmargin smaller:
(fancyhdr)                \addtolength{\topmargin}{-2.49998pt}.

[111]


Package fancyhdr Warning: \headheight is too small (12.0pt): 
(fancyhdr)                Make it at least 14.49998pt, for example:
(fancyhdr)                \setlength{\headheight}{14.49998pt}.
(fancyhdr)                You might also make \topmargin smaller:
(fancyhdr)                \addtolength{\topmargin}{-2.49998pt}.

[112]
/Users/hieuphan/Documents/GitHub/phandinhdieu.github.io/BOOKS_PhanDinhDieu/Book_PhanDinhDieu_NghiSuy/main.tex:2282: Undefined control sequence.
l.2282 \ \xfill
               {1pt} \
The control sequence at the end of the top line
of your error message was never \def'ed. If you have
misspelled it (e.g., `\hobx'), type `I' and the correct
spelling (e.g., `I\hbox'). Otherwise just continue,
and I'll forget about whatever was undefined.




Package fancyhdr Warning: \headheight is too small (12.0pt): 
(fancyhdr)                Make it at least 14.49998pt, for example:
(fancyhdr)                \setlength{\headheight}{14.49998pt}.
(fancyhdr)                You might also make \topmargin smaller:
(fancyhdr)                \addtolength{\topmargin}{-2.49998pt}.

[113]
/Users/hieuphan/Documents/GitHub/phandinhdieu.github.io/BOOKS_PhanDinhDieu/Book_PhanDinhDieu_NghiSuy/main.tex:2288: Undefined control sequence.
l.2288 \ \xfill
               {1pt} \
The control sequence at the end of the top line
of your error message was never \def'ed. If you have
misspelled it (e.g., `\hobx'), type `I' and the correct
spelling (e.g., `I\hbox'). Otherwise just continue,
and I'll forget about whatever was undefined.




Package fancyhdr Warning: \headheight is too small (12.0pt): 
(fancyhdr)                Make it at least 14.49998pt, for example:
(fancyhdr)                \setlength{\headheight}{14.49998pt}.
(fancyhdr)                You might also make \topmargin smaller:
(fancyhdr)                \addtolength{\topmargin}{-2.49998pt}.

[114]
/Users/hieuphan/Documents/GitHub/phandinhdieu.github.io/BOOKS_PhanDinhDieu/Book_PhanDinhDieu_NghiSuy/main.tex:2318: Undefined control sequence.
l.2318 \ \xfill
               {1pt} \
The control sequence at the end of the top line
of your error message was never \def'ed. If you have
misspelled it (e.g., `\hobx'), type `I' and the correct
spelling (e.g., `I\hbox'). Otherwise just continue,
and I'll forget about whatever was undefined.




Package fancyhdr Warning: \headheight is too small (12.0pt): 
(fancyhdr)                Make it at least 14.49998pt, for example:
(fancyhdr)                \setlength{\headheight}{14.49998pt}.
(fancyhdr)                You might also make \topmargin smaller:
(fancyhdr)                \addtolength{\topmargin}{-2.49998pt}.

[115]


Package fancyhdr Warning: \headheight is too small (12.0pt): 
(fancyhdr)                Make it at least 14.49998pt, for example:
(fancyhdr)                \setlength{\headheight}{14.49998pt}.
(fancyhdr)                You might also make \topmargin smaller:
(fancyhdr)                \addtolength{\topmargin}{-2.49998pt}.

[116]
Ch\uhorn \ohorn ng 11.


[117

]


Package fancyhdr Warning: \headheight is too small (12.0pt): 
(fancyhdr)                Make it at least 14.49998pt, for example:
(fancyhdr)                \setlength{\headheight}{14.49998pt}.
(fancyhdr)                You might also make \topmargin smaller:
(fancyhdr)                \addtolength{\topmargin}{-2.49998pt}.

[118]
Underfull \vbox (badness 10000) has occurred while \output is active []




Package fancyhdr Warning: \headheight is too small (12.0pt): 
(fancyhdr)                Make it at least 14.49998pt, for example:
(fancyhdr)                \setlength{\headheight}{14.49998pt}.
(fancyhdr)                You might also make \topmargin smaller:
(fancyhdr)                \addtolength{\topmargin}{-2.49998pt}.

[119]


Package fancyhdr Warning: \headheight is too small (12.0pt): 
(fancyhdr)                Make it at least 14.49998pt, for example:
(fancyhdr)                \setlength{\headheight}{14.49998pt}.
(fancyhdr)                You might also make \topmargin smaller:
(fancyhdr)                \addtolength{\topmargin}{-2.49998pt}.

[120]
Underfull \vbox (badness 3977) has occurred while \output is active []




Package fancyhdr Warning: \headheight is too small (12.0pt): 
(fancyhdr)                Make it at least 14.49998pt, for example:
(fancyhdr)                \setlength{\headheight}{14.49998pt}.
(fancyhdr)                You might also make \topmargin smaller:
(fancyhdr)                \addtolength{\topmargin}{-2.49998pt}.

[121]


Package fancyhdr Warning: \headheight is too small (12.0pt): 
(fancyhdr)                Make it at least 14.49998pt, for example:
(fancyhdr)                \setlength{\headheight}{14.49998pt}.
(fancyhdr)                You might also make \topmargin smaller:
(fancyhdr)                \addtolength{\topmargin}{-2.49998pt}.

[122]
Ch\uhorn \ohorn ng 12.

LaTeX Warning: Reference `diendan:motthoiky' on page 123 undefined on input line 2404.



[123

]
Underfull \vbox (badness 1178) has occurred while \output is active []




Package fancyhdr Warning: \headheight is too small (12.0pt): 
(fancyhdr)                Make it at least 14.49998pt, for example:
(fancyhdr)                \setlength{\headheight}{14.49998pt}.
(fancyhdr)                You might also make \topmargin smaller:
(fancyhdr)                \addtolength{\topmargin}{-2.49998pt}.

[124]


Package fancyhdr Warning: \headheight is too small (12.0pt): 
(fancyhdr)                Make it at least 14.49998pt, for example:
(fancyhdr)                \setlength{\headheight}{14.49998pt}.
(fancyhdr)                You might also make \topmargin smaller:
(fancyhdr)                \addtolength{\topmargin}{-2.49998pt}.

[125]
Underfull \vbox (badness 1248) has occurred while \output is active []




Package fancyhdr Warning: \headheight is too small (12.0pt): 
(fancyhdr)                Make it at least 14.49998pt, for example:
(fancyhdr)                \setlength{\headheight}{14.49998pt}.
(fancyhdr)                You might also make \topmargin smaller:
(fancyhdr)                \addtolength{\topmargin}{-2.49998pt}.

[126]
Underfull \vbox (badness 3977) has occurred while \output is active []




Package fancyhdr Warning: \headheight is too small (12.0pt): 
(fancyhdr)                Make it at least 14.49998pt, for example:
(fancyhdr)                \setlength{\headheight}{14.49998pt}.
(fancyhdr)                You might also make \topmargin smaller:
(fancyhdr)                \addtolength{\topmargin}{-2.49998pt}.

[127]
Underfull \vbox (badness 2961) has occurred while \output is active []




Package fancyhdr Warning: \headheight is too small (12.0pt): 
(fancyhdr)                Make it at least 14.49998pt, for example:
(fancyhdr)                \setlength{\headheight}{14.49998pt}.
(fancyhdr)                You might also make \topmargin smaller:
(fancyhdr)                \addtolength{\topmargin}{-2.49998pt}.

[128]


Package fancyhdr Warning: \headheight is too small (12.0pt): 
(fancyhdr)                Make it at least 14.49998pt, for example:
(fancyhdr)                \setlength{\headheight}{14.49998pt}.
(fancyhdr)                You might also make \topmargin smaller:
(fancyhdr)                \addtolength{\topmargin}{-2.49998pt}.

[129]


Package fancyhdr Warning: \headheight is too small (12.0pt): 
(fancyhdr)                Make it at least 14.49998pt, for example:
(fancyhdr)                \setlength{\headheight}{14.49998pt}.
(fancyhdr)                You might also make \topmargin smaller:
(fancyhdr)                \addtolength{\topmargin}{-2.49998pt}.

[130

]
Ch\uhorn \ohorn ng 13.


[131]
Underfull \vbox (badness 1248) has occurred while \output is active []




Package fancyhdr Warning: \headheight is too small (12.0pt): 
(fancyhdr)                Make it at least 14.49998pt, for example:
(fancyhdr)                \setlength{\headheight}{14.49998pt}.
(fancyhdr)                You might also make \topmargin smaller:
(fancyhdr)                \addtolength{\topmargin}{-2.49998pt}.

[132]


Package fancyhdr Warning: \headheight is too small (12.0pt): 
(fancyhdr)                Make it at least 14.49998pt, for example:
(fancyhdr)                \setlength{\headheight}{14.49998pt}.
(fancyhdr)                You might also make \topmargin smaller:
(fancyhdr)                \addtolength{\topmargin}{-2.49998pt}.

[133]


Package fancyhdr Warning: \headheight is too small (12.0pt): 
(fancyhdr)                Make it at least 14.49998pt, for example:
(fancyhdr)                \setlength{\headheight}{14.49998pt}.
(fancyhdr)                You might also make \topmargin smaller:
(fancyhdr)                \addtolength{\topmargin}{-2.49998pt}.

[134]


Package fancyhdr Warning: \headheight is too small (12.0pt): 
(fancyhdr)                Make it at least 14.49998pt, for example:
(fancyhdr)                \setlength{\headheight}{14.49998pt}.
(fancyhdr)                You might also make \topmargin smaller:
(fancyhdr)                \addtolength{\topmargin}{-2.49998pt}.

[135]


Package fancyhdr Warning: \headheight is too small (12.0pt): 
(fancyhdr)                Make it at least 14.49998pt, for example:
(fancyhdr)                \setlength{\headheight}{14.49998pt}.
(fancyhdr)                You might also make \topmargin smaller:
(fancyhdr)                \addtolength{\topmargin}{-2.49998pt}.

[136]


Package fancyhdr Warning: \headheight is too small (12.0pt): 
(fancyhdr)                Make it at least 14.49998pt, for example:
(fancyhdr)                \setlength{\headheight}{14.49998pt}.
(fancyhdr)                You might also make \topmargin smaller:
(fancyhdr)                \addtolength{\topmargin}{-2.49998pt}.

[137]


Package fancyhdr Warning: \headheight is too small (12.0pt): 
(fancyhdr)                Make it at least 14.49998pt, for example:
(fancyhdr)                \setlength{\headheight}{14.49998pt}.
(fancyhdr)                You might also make \topmargin smaller:
(fancyhdr)                \addtolength{\topmargin}{-2.49998pt}.

[138]


Package fancyhdr Warning: \headheight is too small (12.0pt): 
(fancyhdr)                Make it at least 14.49998pt, for example:
(fancyhdr)                \setlength{\headheight}{14.49998pt}.
(fancyhdr)                You might also make \topmargin smaller:
(fancyhdr)                \addtolength{\topmargin}{-2.49998pt}.

[139]


Package fancyhdr Warning: \headheight is too small (12.0pt): 
(fancyhdr)                Make it at least 14.49998pt, for example:
(fancyhdr)                \setlength{\headheight}{14.49998pt}.
(fancyhdr)                You might also make \topmargin smaller:
(fancyhdr)                \addtolength{\topmargin}{-2.49998pt}.

[140]

/Users/hieuphan/Documents/GitHub/phandinhdieu.github.io/BOOKS_PhanDinhDieu/Book_PhanDinhDieu_NghiSuy/main.tex:2753: LaTeX Error: Unicode character � (U+FFFD)
               not set up for use with LaTeX.

See the LaTeX manual or LaTeX Companion for explanation.
Type  H <return>  for immediate help.
 ...                                              
                                                  
l.2753 	  Cho đến hiện nay, tôi tin t�
                                              �ởng rằng con đường ...
You may provide a definition with
\DeclareUnicodeCharacter 


/Users/hieuphan/Documents/GitHub/phandinhdieu.github.io/BOOKS_PhanDinhDieu/Book_PhanDinhDieu_NghiSuy/main.tex:2753: LaTeX Error: Unicode character � (U+FFFD)
               not set up for use with LaTeX.

See the LaTeX manual or LaTeX Companion for explanation.
Type  H <return>  for immediate help.
 ...                                              
                                                  
l.2753 	  Cho đến hiện nay, tôi tin t��
                                                 ởng rằng con đường ...
You may provide a definition with
\DeclareUnicodeCharacter 




Package fancyhdr Warning: \headheight is too small (12.0pt): 
(fancyhdr)                Make it at least 14.49998pt, for example:
(fancyhdr)                \setlength{\headheight}{14.49998pt}.
(fancyhdr)                You might also make \topmargin smaller:
(fancyhdr)                \addtolength{\topmargin}{-2.49998pt}.

[141]


Package fancyhdr Warning: \headheight is too small (12.0pt): 
(fancyhdr)                Make it at least 14.49998pt, for example:
(fancyhdr)                \setlength{\headheight}{14.49998pt}.
(fancyhdr)                You might also make \topmargin smaller:
(fancyhdr)                \addtolength{\topmargin}{-2.49998pt}.

[142]


Package fancyhdr Warning: \headheight is too small (12.0pt): 
(fancyhdr)                Make it at least 14.49998pt, for example:
(fancyhdr)                \setlength{\headheight}{14.49998pt}.
(fancyhdr)                You might also make \topmargin smaller:
(fancyhdr)                \addtolength{\topmargin}{-2.49998pt}.

[143]


Package fancyhdr Warning: \headheight is too small (12.0pt): 
(fancyhdr)                Make it at least 14.49998pt, for example:
(fancyhdr)                \setlength{\headheight}{14.49998pt}.
(fancyhdr)                You might also make \topmargin smaller:
(fancyhdr)                \addtolength{\topmargin}{-2.49998pt}.

[144]


Package fancyhdr Warning: \headheight is too small (12.0pt): 
(fancyhdr)                Make it at least 14.49998pt, for example:
(fancyhdr)                \setlength{\headheight}{14.49998pt}.
(fancyhdr)                You might also make \topmargin smaller:
(fancyhdr)                \addtolength{\topmargin}{-2.49998pt}.

[145]


Package fancyhdr Warning: \headheight is too small (12.0pt): 
(fancyhdr)                Make it at least 14.49998pt, for example:
(fancyhdr)                \setlength{\headheight}{14.49998pt}.
(fancyhdr)                You might also make \topmargin smaller:
(fancyhdr)                \addtolength{\topmargin}{-2.49998pt}.

[146]
Ch\uhorn \ohorn ng 14.


[147

]


Package fancyhdr Warning: \headheight is too small (12.0pt): 
(fancyhdr)                Make it at least 14.49998pt, for example:
(fancyhdr)                \setlength{\headheight}{14.49998pt}.
(fancyhdr)                You might also make \topmargin smaller:
(fancyhdr)                \addtolength{\topmargin}{-2.49998pt}.

[148]


Package fancyhdr Warning: \headheight is too small (12.0pt): 
(fancyhdr)                Make it at least 14.49998pt, for example:
(fancyhdr)                \setlength{\headheight}{14.49998pt}.
(fancyhdr)                You might also make \topmargin smaller:
(fancyhdr)                \addtolength{\topmargin}{-2.49998pt}.

[149]


Package fancyhdr Warning: \headheight is too small (12.0pt): 
(fancyhdr)                Make it at least 14.49998pt, for example:
(fancyhdr)                \setlength{\headheight}{14.49998pt}.
(fancyhdr)                You might also make \topmargin smaller:
(fancyhdr)                \addtolength{\topmargin}{-2.49998pt}.

[150

]
Ch\uhorn \ohorn ng 15.


[151]


Package fancyhdr Warning: \headheight is too small (12.0pt): 
(fancyhdr)                Make it at least 14.49998pt, for example:
(fancyhdr)                \setlength{\headheight}{14.49998pt}.
(fancyhdr)                You might also make \topmargin smaller:
(fancyhdr)                \addtolength{\topmargin}{-2.49998pt}.

[152]
Underfull \vbox (badness 2961) has occurred while \output is active []




Package fancyhdr Warning: \headheight is too small (12.0pt): 
(fancyhdr)                Make it at least 14.49998pt, for example:
(fancyhdr)                \setlength{\headheight}{14.49998pt}.
(fancyhdr)                You might also make \topmargin smaller:
(fancyhdr)                \addtolength{\topmargin}{-2.49998pt}.

[153]


Package fancyhdr Warning: \headheight is too small (12.0pt): 
(fancyhdr)                Make it at least 14.49998pt, for example:
(fancyhdr)                \setlength{\headheight}{14.49998pt}.
(fancyhdr)                You might also make \topmargin smaller:
(fancyhdr)                \addtolength{\topmargin}{-2.49998pt}.

[154]
Underfull \vbox (badness 2961) has occurred while \output is active []




Package fancyhdr Warning: \headheight is too small (12.0pt): 
(fancyhdr)                Make it at least 14.49998pt, for example:
(fancyhdr)                \setlength{\headheight}{14.49998pt}.
(fancyhdr)                You might also make \topmargin smaller:
(fancyhdr)                \addtolength{\topmargin}{-2.49998pt}.

[155]


Package fancyhdr Warning: \headheight is too small (12.0pt): 
(fancyhdr)                Make it at least 14.49998pt, for example:
(fancyhdr)                \setlength{\headheight}{14.49998pt}.
(fancyhdr)                You might also make \topmargin smaller:
(fancyhdr)                \addtolength{\topmargin}{-2.49998pt}.

[156]
Ch\uhorn \ohorn ng 16.


[157

]


Package fancyhdr Warning: \headheight is too small (12.0pt): 
(fancyhdr)                Make it at least 14.49998pt, for example:
(fancyhdr)                \setlength{\headheight}{14.49998pt}.
(fancyhdr)                You might also make \topmargin smaller:
(fancyhdr)                \addtolength{\topmargin}{-2.49998pt}.

[158]


Package fancyhdr Warning: \headheight is too small (12.0pt): 
(fancyhdr)                Make it at least 14.49998pt, for example:
(fancyhdr)                \setlength{\headheight}{14.49998pt}.
(fancyhdr)                You might also make \topmargin smaller:
(fancyhdr)                \addtolength{\topmargin}{-2.49998pt}.

[159]


Package fancyhdr Warning: \headheight is too small (12.0pt): 
(fancyhdr)                Make it at least 14.49998pt, for example:
(fancyhdr)                \setlength{\headheight}{14.49998pt}.
(fancyhdr)                You might also make \topmargin smaller:
(fancyhdr)                \addtolength{\topmargin}{-2.49998pt}.

[160]


Package fancyhdr Warning: \headheight is too small (12.0pt): 
(fancyhdr)                Make it at least 14.49998pt, for example:
(fancyhdr)                \setlength{\headheight}{14.49998pt}.
(fancyhdr)                You might also make \topmargin smaller:
(fancyhdr)                \addtolength{\topmargin}{-2.49998pt}.

[161]


Package fancyhdr Warning: \headheight is too small (12.0pt): 
(fancyhdr)                Make it at least 14.49998pt, for example:
(fancyhdr)                \setlength{\headheight}{14.49998pt}.
(fancyhdr)                You might also make \topmargin smaller:
(fancyhdr)                \addtolength{\topmargin}{-2.49998pt}.

[162]


Package fancyhdr Warning: \headheight is too small (12.0pt): 
(fancyhdr)                Make it at least 14.49998pt, for example:
(fancyhdr)                \setlength{\headheight}{14.49998pt}.
(fancyhdr)                You might also make \topmargin smaller:
(fancyhdr)                \addtolength{\topmargin}{-2.49998pt}.

[163]


Package fancyhdr Warning: \headheight is too small (12.0pt): 
(fancyhdr)                Make it at least 14.49998pt, for example:
(fancyhdr)                \setlength{\headheight}{14.49998pt}.
(fancyhdr)                You might also make \topmargin smaller:
(fancyhdr)                \addtolength{\topmargin}{-2.49998pt}.

[164]


Package fancyhdr Warning: \headheight is too small (12.0pt): 
(fancyhdr)                Make it at least 14.49998pt, for example:
(fancyhdr)                \setlength{\headheight}{14.49998pt}.
(fancyhdr)                You might also make \topmargin smaller:
(fancyhdr)                \addtolength{\topmargin}{-2.49998pt}.

[165]


Package fancyhdr Warning: \headheight is too small (12.0pt): 
(fancyhdr)                Make it at least 14.49998pt, for example:
(fancyhdr)                \setlength{\headheight}{14.49998pt}.
(fancyhdr)                You might also make \topmargin smaller:
(fancyhdr)                \addtolength{\topmargin}{-2.49998pt}.

[166]


Package fancyhdr Warning: \headheight is too small (12.0pt): 
(fancyhdr)                Make it at least 14.49998pt, for example:
(fancyhdr)                \setlength{\headheight}{14.49998pt}.
(fancyhdr)                You might also make \topmargin smaller:
(fancyhdr)                \addtolength{\topmargin}{-2.49998pt}.

[167]
Underfull \vbox (badness 1132) has occurred while \output is active []




Package fancyhdr Warning: \headheight is too small (12.0pt): 
(fancyhdr)                Make it at least 14.49998pt, for example:
(fancyhdr)                \setlength{\headheight}{14.49998pt}.
(fancyhdr)                You might also make \topmargin smaller:
(fancyhdr)                \addtolength{\topmargin}{-2.49998pt}.

[168]


Package fancyhdr Warning: \headheight is too small (12.0pt): 
(fancyhdr)                Make it at least 14.49998pt, for example:
(fancyhdr)                \setlength{\headheight}{14.49998pt}.
(fancyhdr)                You might also make \topmargin smaller:
(fancyhdr)                \addtolength{\topmargin}{-2.49998pt}.

[169]


Package fancyhdr Warning: \headheight is too small (12.0pt): 
(fancyhdr)                Make it at least 14.49998pt, for example:
(fancyhdr)                \setlength{\headheight}{14.49998pt}.
(fancyhdr)                You might also make \topmargin smaller:
(fancyhdr)                \addtolength{\topmargin}{-2.49998pt}.

[170]


Package fancyhdr Warning: \headheight is too small (12.0pt): 
(fancyhdr)                Make it at least 14.49998pt, for example:
(fancyhdr)                \setlength{\headheight}{14.49998pt}.
(fancyhdr)                You might also make \topmargin smaller:
(fancyhdr)                \addtolength{\topmargin}{-2.49998pt}.

[171]


Package fancyhdr Warning: \headheight is too small (12.0pt): 
(fancyhdr)                Make it at least 14.49998pt, for example:
(fancyhdr)                \setlength{\headheight}{14.49998pt}.
(fancyhdr)                You might also make \topmargin smaller:
(fancyhdr)                \addtolength{\topmargin}{-2.49998pt}.

[172]


Package fancyhdr Warning: \headheight is too small (12.0pt): 
(fancyhdr)                Make it at least 14.49998pt, for example:
(fancyhdr)                \setlength{\headheight}{14.49998pt}.
(fancyhdr)                You might also make \topmargin smaller:
(fancyhdr)                \addtolength{\topmargin}{-2.49998pt}.

[173]


Package fancyhdr Warning: \headheight is too small (12.0pt): 
(fancyhdr)                Make it at least 14.49998pt, for example:
(fancyhdr)                \setlength{\headheight}{14.49998pt}.
(fancyhdr)                You might also make \topmargin smaller:
(fancyhdr)                \addtolength{\topmargin}{-2.49998pt}.

[174]


Package fancyhdr Warning: \headheight is too small (12.0pt): 
(fancyhdr)                Make it at least 14.49998pt, for example:
(fancyhdr)                \setlength{\headheight}{14.49998pt}.
(fancyhdr)                You might also make \topmargin smaller:
(fancyhdr)                \addtolength{\topmargin}{-2.49998pt}.

[175]
Underfull \vbox (badness 1418) has occurred while \output is active []




Package fancyhdr Warning: \headheight is too small (12.0pt): 
(fancyhdr)                Make it at least 14.49998pt, for example:
(fancyhdr)                \setlength{\headheight}{14.49998pt}.
(fancyhdr)                You might also make \topmargin smaller:
(fancyhdr)                \addtolength{\topmargin}{-2.49998pt}.

[176]


Package fancyhdr Warning: \headheight is too small (12.0pt): 
(fancyhdr)                Make it at least 14.49998pt, for example:
(fancyhdr)                \setlength{\headheight}{14.49998pt}.
(fancyhdr)                You might also make \topmargin smaller:
(fancyhdr)                \addtolength{\topmargin}{-2.49998pt}.

[177]


Package fancyhdr Warning: \headheight is too small (12.0pt): 
(fancyhdr)                Make it at least 14.49998pt, for example:
(fancyhdr)                \setlength{\headheight}{14.49998pt}.
(fancyhdr)                You might also make \topmargin smaller:
(fancyhdr)                \addtolength{\topmargin}{-2.49998pt}.

[178

]
Ch\uhorn \ohorn ng 17.


[179]


Package fancyhdr Warning: \headheight is too small (12.0pt): 
(fancyhdr)                Make it at least 14.49998pt, for example:
(fancyhdr)                \setlength{\headheight}{14.49998pt}.
(fancyhdr)                You might also make \topmargin smaller:
(fancyhdr)                \addtolength{\topmargin}{-2.49998pt}.

[180]
Underfull \vbox (badness 1248) has occurred while \output is active []




Package fancyhdr Warning: \headheight is too small (12.0pt): 
(fancyhdr)                Make it at least 14.49998pt, for example:
(fancyhdr)                \setlength{\headheight}{14.49998pt}.
(fancyhdr)                You might also make \topmargin smaller:
(fancyhdr)                \addtolength{\topmargin}{-2.49998pt}.

[181]


Package fancyhdr Warning: \headheight is too small (12.0pt): 
(fancyhdr)                Make it at least 14.49998pt, for example:
(fancyhdr)                \setlength{\headheight}{14.49998pt}.
(fancyhdr)                You might also make \topmargin smaller:
(fancyhdr)                \addtolength{\topmargin}{-2.49998pt}.

[182]
Underfull \vbox (badness 1248) has occurred while \output is active []




Package fancyhdr Warning: \headheight is too small (12.0pt): 
(fancyhdr)                Make it at least 14.49998pt, for example:
(fancyhdr)                \setlength{\headheight}{14.49998pt}.
(fancyhdr)                You might also make \topmargin smaller:
(fancyhdr)                \addtolength{\topmargin}{-2.49998pt}.

[183]
Underfull \vbox (badness 2961) has occurred while \output is active []




Package fancyhdr Warning: \headheight is too small (12.0pt): 
(fancyhdr)                Make it at least 14.49998pt, for example:
(fancyhdr)                \setlength{\headheight}{14.49998pt}.
(fancyhdr)                You might also make \topmargin smaller:
(fancyhdr)                \addtolength{\topmargin}{-2.49998pt}.

[184]


Package fancyhdr Warning: \headheight is too small (12.0pt): 
(fancyhdr)                Make it at least 14.49998pt, for example:
(fancyhdr)                \setlength{\headheight}{14.49998pt}.
(fancyhdr)                You might also make \topmargin smaller:
(fancyhdr)                \addtolength{\topmargin}{-2.49998pt}.

[185]


Package fancyhdr Warning: \headheight is too small (12.0pt): 
(fancyhdr)                Make it at least 14.49998pt, for example:
(fancyhdr)                \setlength{\headheight}{14.49998pt}.
(fancyhdr)                You might also make \topmargin smaller:
(fancyhdr)                \addtolength{\topmargin}{-2.49998pt}.

[186

]
Ch\uhorn \ohorn ng 18.


[187]


Package fancyhdr Warning: \headheight is too small (12.0pt): 
(fancyhdr)                Make it at least 14.49998pt, for example:
(fancyhdr)                \setlength{\headheight}{14.49998pt}.
(fancyhdr)                You might also make \topmargin smaller:
(fancyhdr)                \addtolength{\topmargin}{-2.49998pt}.

[188]


Package fancyhdr Warning: \headheight is too small (12.0pt): 
(fancyhdr)                Make it at least 14.49998pt, for example:
(fancyhdr)                \setlength{\headheight}{14.49998pt}.
(fancyhdr)                You might also make \topmargin smaller:
(fancyhdr)                \addtolength{\topmargin}{-2.49998pt}.

[189]


Package fancyhdr Warning: \headheight is too small (12.0pt): 
(fancyhdr)                Make it at least 14.49998pt, for example:
(fancyhdr)                \setlength{\headheight}{14.49998pt}.
(fancyhdr)                You might also make \topmargin smaller:
(fancyhdr)                \addtolength{\topmargin}{-2.49998pt}.

[190]


Package fancyhdr Warning: \headheight is too small (12.0pt): 
(fancyhdr)                Make it at least 14.49998pt, for example:
(fancyhdr)                \setlength{\headheight}{14.49998pt}.
(fancyhdr)                You might also make \topmargin smaller:
(fancyhdr)                \addtolength{\topmargin}{-2.49998pt}.

[191]


Package fancyhdr Warning: \headheight is too small (12.0pt): 
(fancyhdr)                Make it at least 14.49998pt, for example:
(fancyhdr)                \setlength{\headheight}{14.49998pt}.
(fancyhdr)                You might also make \topmargin smaller:
(fancyhdr)                \addtolength{\topmargin}{-2.49998pt}.

[192

]
Ch\uhorn \ohorn ng 19.


[193]
Underfull \vbox (badness 10000) has occurred while \output is active []




Package fancyhdr Warning: \headheight is too small (12.0pt): 
(fancyhdr)                Make it at least 14.49998pt, for example:
(fancyhdr)                \setlength{\headheight}{14.49998pt}.
(fancyhdr)                You might also make \topmargin smaller:
(fancyhdr)                \addtolength{\topmargin}{-2.49998pt}.

[194]


Package fancyhdr Warning: \headheight is too small (12.0pt): 
(fancyhdr)                Make it at least 14.49998pt, for example:
(fancyhdr)                \setlength{\headheight}{14.49998pt}.
(fancyhdr)                You might also make \topmargin smaller:
(fancyhdr)                \addtolength{\topmargin}{-2.49998pt}.

[195]


Package fancyhdr Warning: \headheight is too small (12.0pt): 
(fancyhdr)                Make it at least 14.49998pt, for example:
(fancyhdr)                \setlength{\headheight}{14.49998pt}.
(fancyhdr)                You might also make \topmargin smaller:
(fancyhdr)                \addtolength{\topmargin}{-2.49998pt}.

[196

]
Ch\uhorn \ohorn ng 20.

Underfull \hbox (badness 10000) in paragraph at lines 3534--3536

 []



[197]
Underfull \vbox (badness 10000) has occurred while \output is active []




Package fancyhdr Warning: \headheight is too small (12.0pt): 
(fancyhdr)                Make it at least 14.49998pt, for example:
(fancyhdr)                \setlength{\headheight}{14.49998pt}.
(fancyhdr)                You might also make \topmargin smaller:
(fancyhdr)                \addtolength{\topmargin}{-2.49998pt}.

[198]


Package fancyhdr Warning: \headheight is too small (12.0pt): 
(fancyhdr)                Make it at least 14.49998pt, for example:
(fancyhdr)                \setlength{\headheight}{14.49998pt}.
(fancyhdr)                You might also make \topmargin smaller:
(fancyhdr)                \addtolength{\topmargin}{-2.49998pt}.

[199]


Package fancyhdr Warning: \headheight is too small (12.0pt): 
(fancyhdr)                Make it at least 14.49998pt, for example:
(fancyhdr)                \setlength{\headheight}{14.49998pt}.
(fancyhdr)                You might also make \topmargin smaller:
(fancyhdr)                \addtolength{\topmargin}{-2.49998pt}.

[200

]
Ch\uhorn \ohorn ng 21.

LaTeX Warning: Reference `diendan:motlotrinh' on page 201 undefined on input line 3564.



[201]


Package fancyhdr Warning: \headheight is too small (12.0pt): 
(fancyhdr)                Make it at least 14.49998pt, for example:
(fancyhdr)                \setlength{\headheight}{14.49998pt}.
(fancyhdr)                You might also make \topmargin smaller:
(fancyhdr)                \addtolength{\topmargin}{-2.49998pt}.

[202]


Package fancyhdr Warning: \headheight is too small (12.0pt): 
(fancyhdr)                Make it at least 14.49998pt, for example:
(fancyhdr)                \setlength{\headheight}{14.49998pt}.
(fancyhdr)                You might also make \topmargin smaller:
(fancyhdr)                \addtolength{\topmargin}{-2.49998pt}.

[203]


Package fancyhdr Warning: \headheight is too small (12.0pt): 
(fancyhdr)                Make it at least 14.49998pt, for example:
(fancyhdr)                \setlength{\headheight}{14.49998pt}.
(fancyhdr)                You might also make \topmargin smaller:
(fancyhdr)                \addtolength{\topmargin}{-2.49998pt}.

[204

]
Ch\uhorn \ohorn ng 22.

Underfull \vbox (badness 1048) has occurred while \output is active []



[205]


Package fancyhdr Warning: \headheight is too small (12.0pt): 
(fancyhdr)                Make it at least 14.49998pt, for example:
(fancyhdr)                \setlength{\headheight}{14.49998pt}.
(fancyhdr)                You might also make \topmargin smaller:
(fancyhdr)                \addtolength{\topmargin}{-2.49998pt}.

[206]

[207

]

[208]
Ch\uhorn \ohorn ng 23.

/Users/hieuphan/Documents/GitHub/phandinhdieu.github.io/BOOKS_PhanDinhDieu/Book_PhanDinhDieu_NghiSuy/main.tex:3649: LaTeX Error: File `Photos/Time1' not found.

See the LaTeX manual or LaTeX Companion for explanation.
Type  H <return>  for immediate help.
 ...                                              
                                                  
l.3649  \includegraphics[scale=0.3]{Photos/Time1}
                                                 
I could not locate the file with any of these extensions:
.pdf,.png,.jpg,.mps,.jpeg,.jbig2,.jb2,.PDF,.PNG,.JPG,.JPEG,.JBIG2,.JB2,.eps
Try typing  <return>  to proceed.
If that doesn't work, type  X <return>  to quit.



[209



]
Overfull \hbox (24.6298pt too wide) in paragraph at lines 3671--3673
[]\T5/cmr/m/n/12 Many younger Viet-namese are less san-guine. ^^PThe party views these peo-ple like mosquitoes,^^Q
 []


Underfull \vbox (badness 1248) has occurred while \output is active []




Package fancyhdr Warning: \headheight is too small (12.0pt): 
(fancyhdr)                Make it at least 14.49998pt, for example:
(fancyhdr)                \setlength{\headheight}{14.49998pt}.
(fancyhdr)                You might also make \topmargin smaller:
(fancyhdr)                \addtolength{\topmargin}{-2.49998pt}.

[210]


Package fancyhdr Warning: \headheight is too small (12.0pt): 
(fancyhdr)                Make it at least 14.49998pt, for example:
(fancyhdr)                \setlength{\headheight}{14.49998pt}.
(fancyhdr)                You might also make \topmargin smaller:
(fancyhdr)                \addtolength{\topmargin}{-2.49998pt}.

[211]

/Users/hieuphan/Documents/GitHub/phandinhdieu.github.io/BOOKS_PhanDinhDieu/Book_PhanDinhDieu_NghiSuy/main.tex:3679: LaTeX Error: File `Photos/Time2' not found.

See the LaTeX manual or LaTeX Companion for explanation.
Type  H <return>  for immediate help.
 ...                                              
                                                  
l.3679  \includegraphics[scale=0.3]{Photos/Time2}
                                                 
I could not locate the file with any of these extensions:
.pdf,.png,.jpg,.mps,.jpeg,.jbig2,.jb2,.PDF,.PNG,.JPG,.JPEG,.JBIG2,.JB2,.eps
Try typing  <return>  to proceed.
If that doesn't work, type  X <return>  to quit.


Underfull \vbox (badness 1354) has occurred while \output is active []




Package fancyhdr Warning: \headheight is too small (12.0pt): 
(fancyhdr)                Make it at least 14.49998pt, for example:
(fancyhdr)                \setlength{\headheight}{14.49998pt}.
(fancyhdr)                You might also make \topmargin smaller:
(fancyhdr)                \addtolength{\topmargin}{-2.49998pt}.

[212]
Underfull \vbox (badness 1158) has occurred while \output is active []




Package fancyhdr Warning: \headheight is too small (12.0pt): 
(fancyhdr)                Make it at least 14.49998pt, for example:
(fancyhdr)                \setlength{\headheight}{14.49998pt}.
(fancyhdr)                You might also make \topmargin smaller:
(fancyhdr)                \addtolength{\topmargin}{-2.49998pt}.

[213]


Package fancyhdr Warning: \headheight is too small (12.0pt): 
(fancyhdr)                Make it at least 14.49998pt, for example:
(fancyhdr)                \setlength{\headheight}{14.49998pt}.
(fancyhdr)                You might also make \topmargin smaller:
(fancyhdr)                \addtolength{\topmargin}{-2.49998pt}.

[214]
Ch\uhorn \ohorn ng 24.
<Nias.png, id=1036, 1081.03876pt x 748.7975pt>
File: Nias.png Graphic file (type png)
<use Nias.png>
Package pdftex.def Info: Nias.png  used on input line 3711.
(pdftex.def)             Requested size: 324.31413pt x 224.64098pt.


[215

]


Package fancyhdr Warning: \headheight is too small (12.0pt): 
(fancyhdr)                Make it at least 14.49998pt, for example:
(fancyhdr)                \setlength{\headheight}{14.49998pt}.
(fancyhdr)                You might also make \topmargin smaller:
(fancyhdr)                \addtolength{\topmargin}{-2.49998pt}.

[216 <./Nias.png>]


Package fancyhdr Warning: \headheight is too small (12.0pt): 
(fancyhdr)                Make it at least 14.49998pt, for example:
(fancyhdr)                \setlength{\headheight}{14.49998pt}.
(fancyhdr)                You might also make \topmargin smaller:
(fancyhdr)                \addtolength{\topmargin}{-2.49998pt}.

[217]


Package fancyhdr Warning: \headheight is too small (12.0pt): 
(fancyhdr)                Make it at least 14.49998pt, for example:
(fancyhdr)                \setlength{\headheight}{14.49998pt}.
(fancyhdr)                You might also make \topmargin smaller:
(fancyhdr)                \addtolength{\topmargin}{-2.49998pt}.

[218]
LaTeX Font Info:    Trying to load font information for T5+cmtt on input line 3812.
 (/usr/local/texlive/2025/texmf-dist/tex/latex/vntex/t5cmtt.fd
File: t5cmtt.fd 1999/05/25 v2.5h Standard LaTeX font definitions
)
Overfull \hbox (266.53743pt too wide) in paragraph at lines 3812--3815
[]\T5/cmr/m/n/12 B�n ^^_�nh m�y c� th� ^^_�c t�i []$\T5/cmtt/m/n/12 http : / / hieuminh . org / 2012 / 02 / 02 / interview-[]with-[]the-[]vietnamese-[]mathematician-[]phan-[]dinh-[]dieu/$[] 
 []


Underfull \hbox (badness 10000) in paragraph at lines 3812--3815

 []


Underfull \hbox (badness 10000) in paragraph at lines 3812--3815

 []


Underfull \hbox (badness 10000) in paragraph at lines 3812--3815

 []




Package fancyhdr Warning: \headheight is too small (12.0pt): 
(fancyhdr)                Make it at least 14.49998pt, for example:
(fancyhdr)                \setlength{\headheight}{14.49998pt}.
(fancyhdr)                You might also make \topmargin smaller:
(fancyhdr)                \addtolength{\topmargin}{-2.49998pt}.

[219]
Underfull \vbox (badness 10000) has occurred while \output is active []




Package fancyhdr Warning: \headheight is too small (12.0pt): 
(fancyhdr)                Make it at least 14.49998pt, for example:
(fancyhdr)                \setlength{\headheight}{14.49998pt}.
(fancyhdr)                You might also make \topmargin smaller:
(fancyhdr)                \addtolength{\topmargin}{-2.49998pt}.

[220]


Package fancyhdr Warning: \headheight is too small (12.0pt): 
(fancyhdr)                Make it at least 14.49998pt, for example:
(fancyhdr)                \setlength{\headheight}{14.49998pt}.
(fancyhdr)                You might also make \topmargin smaller:
(fancyhdr)                \addtolength{\topmargin}{-2.49998pt}.

[221]


Package fancyhdr Warning: \headheight is too small (12.0pt): 
(fancyhdr)                Make it at least 14.49998pt, for example:
(fancyhdr)                \setlength{\headheight}{14.49998pt}.
(fancyhdr)                You might also make \topmargin smaller:
(fancyhdr)                \addtolength{\topmargin}{-2.49998pt}.

[222

]
Ch\uhorn \ohorn ng 25.
<9302.png, id=1076, 909.3975pt x 387.4475pt>
File: 9302.png Graphic file (type png)
<use 9302.png>
Package pdftex.def Info: 9302.png  used on input line 3853.
(pdftex.def)             Requested size: 272.82135pt x 116.23514pt.


[223 <./9302.png>]


Package fancyhdr Warning: \headheight is too small (12.0pt): 
(fancyhdr)                Make it at least 14.49998pt, for example:
(fancyhdr)                \setlength{\headheight}{14.49998pt}.
(fancyhdr)                You might also make \topmargin smaller:
(fancyhdr)                \addtolength{\topmargin}{-2.49998pt}.

[224]


Package fancyhdr Warning: \headheight is too small (12.0pt): 
(fancyhdr)                Make it at least 14.49998pt, for example:
(fancyhdr)                \setlength{\headheight}{14.49998pt}.
(fancyhdr)                You might also make \topmargin smaller:
(fancyhdr)                \addtolength{\topmargin}{-2.49998pt}.

[225]

/Users/hieuphan/Documents/GitHub/phandinhdieu.github.io/BOOKS_PhanDinhDieu/Book_PhanDinhDieu_NghiSuy/main.tex:3944: LaTeX Error: Unicode character ​ (U+200B)
               not set up for use with LaTeX.

See the LaTeX manual or LaTeX Companion for explanation.
Type  H <return>  for immediate help.
 ...                                              
                                                  
l.3944 ...tỏ công khai. Nhà toán học 56 ​
                                                  ​tuổi kêu gọi Đả...
You may provide a definition with
\DeclareUnicodeCharacter 


/Users/hieuphan/Documents/GitHub/phandinhdieu.github.io/BOOKS_PhanDinhDieu/Book_PhanDinhDieu_NghiSuy/main.tex:3944: LaTeX Error: Unicode character ​ (U+200B)
               not set up for use with LaTeX.

See the LaTeX manual or LaTeX Companion for explanation.
Type  H <return>  for immediate help.
 ...                                              
                                                  
l.3944 ...� công khai. Nhà toán học 56 ​​
                                                  tuổi kêu gọi Đảng ...
You may provide a definition with
\DeclareUnicodeCharacter 




Package fancyhdr Warning: \headheight is too small (12.0pt): 
(fancyhdr)                Make it at least 14.49998pt, for example:
(fancyhdr)                \setlength{\headheight}{14.49998pt}.
(fancyhdr)                You might also make \topmargin smaller:
(fancyhdr)                \addtolength{\topmargin}{-2.49998pt}.

[226]


Package fancyhdr Warning: \headheight is too small (12.0pt): 
(fancyhdr)                Make it at least 14.49998pt, for example:
(fancyhdr)                \setlength{\headheight}{14.49998pt}.
(fancyhdr)                You might also make \topmargin smaller:
(fancyhdr)                \addtolength{\topmargin}{-2.49998pt}.

[227]


Package fancyhdr Warning: \headheight is too small (12.0pt): 
(fancyhdr)                Make it at least 14.49998pt, for example:
(fancyhdr)                \setlength{\headheight}{14.49998pt}.
(fancyhdr)                You might also make \topmargin smaller:
(fancyhdr)                \addtolength{\topmargin}{-2.49998pt}.

[228

]
Ch\uhorn \ohorn ng 26.
<FE2.png, id=1107, 787.94376pt x 370.38374pt>
File: FE2.png Graphic file (type png)
<use FE2.png>
Package pdftex.def Info: FE2.png  used on input line 4009.
(pdftex.def)             Requested size: 315.17192pt x 148.15086pt.

Underfull \hbox (badness 10000) in paragraph at lines 4022--4023

 []



[229 <./FE2.png>]


Package fancyhdr Warning: \headheight is too small (12.0pt): 
(fancyhdr)                Make it at least 14.49998pt, for example:
(fancyhdr)                \setlength{\headheight}{14.49998pt}.
(fancyhdr)                You might also make \topmargin smaller:
(fancyhdr)                \addtolength{\topmargin}{-2.49998pt}.

[230]

/Users/hieuphan/Documents/GitHub/phandinhdieu.github.io/BOOKS_PhanDinhDieu/Book_PhanDinhDieu_NghiSuy/main.tex:4081: LaTeX Error: Unicode character ​ (U+200B)
               not set up for use with LaTeX.

See the LaTeX manual or LaTeX Companion for explanation.
Type  H <return>  for immediate help.
 ...                                              
                                                  
l.4081 ...hà bất đồng chính kiến đã ​
                                                  ​bị kết án gồm c�...
You may provide a definition with
\DeclareUnicodeCharacter 


/Users/hieuphan/Documents/GitHub/phandinhdieu.github.io/BOOKS_PhanDinhDieu/Book_PhanDinhDieu_NghiSuy/main.tex:4081: LaTeX Error: Unicode character ​ (U+200B)
               not set up for use with LaTeX.

See the LaTeX manual or LaTeX Companion for explanation.
Type  H <return>  for immediate help.
 ...                                              
                                                  
l.4081 ... bất đồng chính kiến đã ​​
                                                  bị kết án gồm các ...
You may provide a definition with
\DeclareUnicodeCharacter 




Package fancyhdr Warning: \headheight is too small (12.0pt): 
(fancyhdr)                Make it at least 14.49998pt, for example:
(fancyhdr)                \setlength{\headheight}{14.49998pt}.
(fancyhdr)                You might also make \topmargin smaller:
(fancyhdr)                \addtolength{\topmargin}{-2.49998pt}.

[231]


Package fancyhdr Warning: \headheight is too small (12.0pt): 
(fancyhdr)                Make it at least 14.49998pt, for example:
(fancyhdr)                \setlength{\headheight}{14.49998pt}.
(fancyhdr)                You might also make \topmargin smaller:
(fancyhdr)                \addtolength{\topmargin}{-2.49998pt}.

[232]
Ch\uhorn \ohorn ng 27.
<FE3.png, id=1128, 778.91pt x 503.8825pt>
File: FE3.png Graphic file (type png)
<use FE3.png>
Package pdftex.def Info: FE3.png  used on input line 4099.
(pdftex.def)             Requested size: 311.55849pt x 201.54942pt.

Underfull \hbox (badness 10000) in paragraph at lines 4105--4106

 []



[233

 <./FE3.png>]


Package fancyhdr Warning: \headheight is too small (12.0pt): 
(fancyhdr)                Make it at least 14.49998pt, for example:
(fancyhdr)                \setlength{\headheight}{14.49998pt}.
(fancyhdr)                You might also make \topmargin smaller:
(fancyhdr)                \addtolength{\topmargin}{-2.49998pt}.

[234]


Package fancyhdr Warning: \headheight is too small (12.0pt): 
(fancyhdr)                Make it at least 14.49998pt, for example:
(fancyhdr)                \setlength{\headheight}{14.49998pt}.
(fancyhdr)                You might also make \topmargin smaller:
(fancyhdr)                \addtolength{\topmargin}{-2.49998pt}.

[235]


Package fancyhdr Warning: \headheight is too small (12.0pt): 
(fancyhdr)                Make it at least 14.49998pt, for example:
(fancyhdr)                \setlength{\headheight}{14.49998pt}.
(fancyhdr)                You might also make \topmargin smaller:
(fancyhdr)                \addtolength{\topmargin}{-2.49998pt}.

[236]


Package fancyhdr Warning: \headheight is too small (12.0pt): 
(fancyhdr)                Make it at least 14.49998pt, for example:
(fancyhdr)                \setlength{\headheight}{14.49998pt}.
(fancyhdr)                You might also make \topmargin smaller:
(fancyhdr)                \addtolength{\topmargin}{-2.49998pt}.

[237]


Package fancyhdr Warning: \headheight is too small (12.0pt): 
(fancyhdr)                Make it at least 14.49998pt, for example:
(fancyhdr)                \setlength{\headheight}{14.49998pt}.
(fancyhdr)                You might also make \topmargin smaller:
(fancyhdr)                \addtolength{\topmargin}{-2.49998pt}.

[238]
Ch\uhorn \ohorn ng 28.
<Un.png, id=1157, 735.74875pt x 636.3775pt>
File: Un.png Graphic file (type png)
<use Un.png>
Package pdftex.def Info: Un.png  used on input line 4242.
(pdftex.def)             Requested size: 220.72632pt x 190.91472pt.

/Users/hieuphan/Documents/GitHub/phandinhdieu.github.io/BOOKS_PhanDinhDieu/Book_PhanDinhDieu_NghiSuy/main.tex:4256: LaTeX Error: Unicode character ​ (U+200B)
               not set up for use with LaTeX.

See the LaTeX manual or LaTeX Companion for explanation.
Type  H <return>  for immediate help.
 ...                                              
                                                  
l.4256 ​
          
You may provide a definition with
\DeclareUnicodeCharacter 



[239

 <./Un.png>]

/Users/hieuphan/Documents/GitHub/phandinhdieu.github.io/BOOKS_PhanDinhDieu/Book_PhanDinhDieu_NghiSuy/main.tex:4265: LaTeX Error: Unicode character ​ (U+200B)
               not set up for use with LaTeX.

See the LaTeX manual or LaTeX Companion for explanation.
Type  H <return>  for immediate help.
 ...                                              
                                                  
l.4265 ​
          
You may provide a definition with
\DeclareUnicodeCharacter 




Package fancyhdr Warning: \headheight is too small (12.0pt): 
(fancyhdr)                Make it at least 14.49998pt, for example:
(fancyhdr)                \setlength{\headheight}{14.49998pt}.
(fancyhdr)                You might also make \topmargin smaller:
(fancyhdr)                \addtolength{\topmargin}{-2.49998pt}.

[240]

[241

]

[242]

Package hyperref Warning: Difference (2) between bookmark levels is greater 
(hyperref)                than one, level fixed on input line 4278.


Overfull \hbox (13.54565pt too wide) in paragraph at lines 4279--4280
[][]$\T5/cmtt/m/n/12 http : / / books . google . fr / books ? id = dfAB9E0WqyUC & lpg = PP1 \ protect \ penalty-[] \ @M &
 []

<BiaSach.jpg, id=1180, 2067.725pt x 3063.445pt>
File: BiaSach.jpg Graphic file (type jpg)
<use BiaSach.jpg>
Package pdftex.def Info: BiaSach.jpg  used on input line 4283.
(pdftex.def)             Requested size: 206.7846pt x 306.36244pt.



Package fancyhdr Warning: \headheight is too small (12.0pt): 
(fancyhdr)                Make it at least 14.49998pt, for example:
(fancyhdr)                \setlength{\headheight}{14.49998pt}.
(fancyhdr)                You might also make \topmargin smaller:
(fancyhdr)                \addtolength{\topmargin}{-2.49998pt}.

[243


 <./BiaSach.jpg>]
<30_NamVienCNTT.jpg, id=1188, 404.51125pt x 278.03876pt>
File: 30_NamVienCNTT.jpg Graphic file (type jpg)
<use 30_NamVienCNTT.jpg>
Package pdftex.def Info: 30_NamVienCNTT.jpg  used on input line 4295.
(pdftex.def)             Requested size: 202.25513pt x 139.01903pt.



Package fancyhdr Warning: \headheight is too small (12.0pt): 
(fancyhdr)                Make it at least 14.49998pt, for example:
(fancyhdr)                \setlength{\headheight}{14.49998pt}.
(fancyhdr)                You might also make \topmargin smaller:
(fancyhdr)                \addtolength{\topmargin}{-2.49998pt}.

[244 <./30_NamVienCNTT.jpg>]
Underfull \vbox (badness 1248) has occurred while \output is active []




Package fancyhdr Warning: \headheight is too small (12.0pt): 
(fancyhdr)                Make it at least 14.49998pt, for example:
(fancyhdr)                \setlength{\headheight}{14.49998pt}.
(fancyhdr)                You might also make \topmargin smaller:
(fancyhdr)                \addtolength{\topmargin}{-2.49998pt}.

[245]


Package fancyhdr Warning: \headheight is too small (12.0pt): 
(fancyhdr)                Make it at least 14.49998pt, for example:
(fancyhdr)                \setlength{\headheight}{14.49998pt}.
(fancyhdr)                You might also make \topmargin smaller:
(fancyhdr)                \addtolength{\topmargin}{-2.49998pt}.

[246]


Package fancyhdr Warning: \headheight is too small (12.0pt): 
(fancyhdr)                Make it at least 14.49998pt, for example:
(fancyhdr)                \setlength{\headheight}{14.49998pt}.
(fancyhdr)                You might also make \topmargin smaller:
(fancyhdr)                \addtolength{\topmargin}{-2.49998pt}.

[247]


Package fancyhdr Warning: \headheight is too small (12.0pt): 
(fancyhdr)                Make it at least 14.49998pt, for example:
(fancyhdr)                \setlength{\headheight}{14.49998pt}.
(fancyhdr)                You might also make \topmargin smaller:
(fancyhdr)                \addtolength{\topmargin}{-2.49998pt}.

[248]


Package fancyhdr Warning: \headheight is too small (12.0pt): 
(fancyhdr)                Make it at least 14.49998pt, for example:
(fancyhdr)                \setlength{\headheight}{14.49998pt}.
(fancyhdr)                You might also make \topmargin smaller:
(fancyhdr)                \addtolength{\topmargin}{-2.49998pt}.

[249]
Overfull \hbox (27.39212pt too wide) in paragraph at lines 4435--4436
[]\T5/cmr/bx/n/12 II. $[]$ 
 []




Package fancyhdr Warning: \headheight is too small (12.0pt): 
(fancyhdr)                Make it at least 14.49998pt, for example:
(fancyhdr)                \setlength{\headheight}{14.49998pt}.
(fancyhdr)                You might also make \topmargin smaller:
(fancyhdr)                \addtolength{\topmargin}{-2.49998pt}.

[250]


Package fancyhdr Warning: \headheight is too small (12.0pt): 
(fancyhdr)                Make it at least 14.49998pt, for example:
(fancyhdr)                \setlength{\headheight}{14.49998pt}.
(fancyhdr)                You might also make \topmargin smaller:
(fancyhdr)                \addtolength{\topmargin}{-2.49998pt}.

[251]


Package fancyhdr Warning: \headheight is too small (12.0pt): 
(fancyhdr)                Make it at least 14.49998pt, for example:
(fancyhdr)                \setlength{\headheight}{14.49998pt}.
(fancyhdr)                You might also make \topmargin smaller:
(fancyhdr)                \addtolength{\topmargin}{-2.49998pt}.

[252]


Package fancyhdr Warning: \headheight is too small (12.0pt): 
(fancyhdr)                Make it at least 14.49998pt, for example:
(fancyhdr)                \setlength{\headheight}{14.49998pt}.
(fancyhdr)                You might also make \topmargin smaller:
(fancyhdr)                \addtolength{\topmargin}{-2.49998pt}.

[253]


Package fancyhdr Warning: \headheight is too small (12.0pt): 
(fancyhdr)                Make it at least 14.49998pt, for example:
(fancyhdr)                \setlength{\headheight}{14.49998pt}.
(fancyhdr)                You might also make \topmargin smaller:
(fancyhdr)                \addtolength{\topmargin}{-2.49998pt}.

[254]


Package fancyhdr Warning: \headheight is too small (12.0pt): 
(fancyhdr)                Make it at least 14.49998pt, for example:
(fancyhdr)                \setlength{\headheight}{14.49998pt}.
(fancyhdr)                You might also make \topmargin smaller:
(fancyhdr)                \addtolength{\topmargin}{-2.49998pt}.

[255]


Package fancyhdr Warning: \headheight is too small (12.0pt): 
(fancyhdr)                Make it at least 14.49998pt, for example:
(fancyhdr)                \setlength{\headheight}{14.49998pt}.
(fancyhdr)                You might also make \topmargin smaller:
(fancyhdr)                \addtolength{\topmargin}{-2.49998pt}.

[256]


Package fancyhdr Warning: \headheight is too small (12.0pt): 
(fancyhdr)                Make it at least 14.49998pt, for example:
(fancyhdr)                \setlength{\headheight}{14.49998pt}.
(fancyhdr)                You might also make \topmargin smaller:
(fancyhdr)                \addtolength{\topmargin}{-2.49998pt}.

[257]


Package fancyhdr Warning: \headheight is too small (12.0pt): 
(fancyhdr)                Make it at least 14.49998pt, for example:
(fancyhdr)                \setlength{\headheight}{14.49998pt}.
(fancyhdr)                You might also make \topmargin smaller:
(fancyhdr)                \addtolength{\topmargin}{-2.49998pt}.

[258]


Package fancyhdr Warning: \headheight is too small (12.0pt): 
(fancyhdr)                Make it at least 14.49998pt, for example:
(fancyhdr)                \setlength{\headheight}{14.49998pt}.
(fancyhdr)                You might also make \topmargin smaller:
(fancyhdr)                \addtolength{\topmargin}{-2.49998pt}.

[259]


Package fancyhdr Warning: \headheight is too small (12.0pt): 
(fancyhdr)                Make it at least 14.49998pt, for example:
(fancyhdr)                \setlength{\headheight}{14.49998pt}.
(fancyhdr)                You might also make \topmargin smaller:
(fancyhdr)                \addtolength{\topmargin}{-2.49998pt}.

[260]


Package fancyhdr Warning: \headheight is too small (12.0pt): 
(fancyhdr)                Make it at least 14.49998pt, for example:
(fancyhdr)                \setlength{\headheight}{14.49998pt}.
(fancyhdr)                You might also make \topmargin smaller:
(fancyhdr)                \addtolength{\topmargin}{-2.49998pt}.

[261]
Underfull \vbox (badness 2961) has occurred while \output is active []




Package fancyhdr Warning: \headheight is too small (12.0pt): 
(fancyhdr)                Make it at least 14.49998pt, for example:
(fancyhdr)                \setlength{\headheight}{14.49998pt}.
(fancyhdr)                You might also make \topmargin smaller:
(fancyhdr)                \addtolength{\topmargin}{-2.49998pt}.

[262]


Package fancyhdr Warning: \headheight is too small (12.0pt): 
(fancyhdr)                Make it at least 14.49998pt, for example:
(fancyhdr)                \setlength{\headheight}{14.49998pt}.
(fancyhdr)                You might also make \topmargin smaller:
(fancyhdr)                \addtolength{\topmargin}{-2.49998pt}.

[263]

/Users/hieuphan/Documents/GitHub/phandinhdieu.github.io/BOOKS_PhanDinhDieu/Book_PhanDinhDieu_NghiSuy/main.tex:4860: LaTeX Error: Unicode character ​ (U+200B)
               not set up for use with LaTeX.

See the LaTeX manual or LaTeX Companion for explanation.
Type  H <return>  for immediate help.
 ...                                              
                                                  
l.4860 \end{center}​
                      
You may provide a definition with
\DeclareUnicodeCharacter 


/Users/hieuphan/Documents/GitHub/phandinhdieu.github.io/BOOKS_PhanDinhDieu/Book_PhanDinhDieu_NghiSuy/main.tex:4866: LaTeX Error: Unicode character ​ (U+200B)
               not set up for use with LaTeX.

See the LaTeX manual or LaTeX Companion for explanation.
Type  H <return>  for immediate help.
 ...                                              
                                                  
l.4866 ​
          
You may provide a definition with
\DeclareUnicodeCharacter 


/Users/hieuphan/Documents/GitHub/phandinhdieu.github.io/BOOKS_PhanDinhDieu/Book_PhanDinhDieu_NghiSuy/main.tex:4872: LaTeX Error: Unicode character ​ (U+200B)
               not set up for use with LaTeX.

See the LaTeX manual or LaTeX Companion for explanation.
Type  H <return>  for immediate help.
 ...                                              
                                                  
l.4872 ​
          
You may provide a definition with
\DeclareUnicodeCharacter 


/Users/hieuphan/Documents/GitHub/phandinhdieu.github.io/BOOKS_PhanDinhDieu/Book_PhanDinhDieu_NghiSuy/main.tex:4875: LaTeX Error: Unicode character ​ (U+200B)
               not set up for use with LaTeX.

See the LaTeX manual or LaTeX Companion for explanation.
Type  H <return>  for immediate help.
 ...                                              
                                                  
l.4875 ​
          But once started down this road there is no stopping. To stop woul...
You may provide a definition with
\DeclareUnicodeCharacter 




Package fancyhdr Warning: \headheight is too small (12.0pt): 
(fancyhdr)                Make it at least 14.49998pt, for example:
(fancyhdr)                \setlength{\headheight}{14.49998pt}.
(fancyhdr)                You might also make \topmargin smaller:
(fancyhdr)                \addtolength{\topmargin}{-2.49998pt}.

[264]

/Users/hieuphan/Documents/GitHub/phandinhdieu.github.io/BOOKS_PhanDinhDieu/Book_PhanDinhDieu_NghiSuy/main.tex:4886: LaTeX Error: Unicode character ​ (U+200B)
               not set up for use with LaTeX.

See the LaTeX manual or LaTeX Companion for explanation.
Type  H <return>  for immediate help.
 ...                                              
                                                  
l.4886 ​
          
You may provide a definition with
\DeclareUnicodeCharacter 




Package fancyhdr Warning: \headheight is too small (12.0pt): 
(fancyhdr)                Make it at least 14.49998pt, for example:
(fancyhdr)                \setlength{\headheight}{14.49998pt}.
(fancyhdr)                You might also make \topmargin smaller:
(fancyhdr)                \addtolength{\topmargin}{-2.49998pt}.

[265]


Package fancyhdr Warning: \headheight is too small (12.0pt): 
(fancyhdr)                Make it at least 14.49998pt, for example:
(fancyhdr)                \setlength{\headheight}{14.49998pt}.
(fancyhdr)                You might also make \topmargin smaller:
(fancyhdr)                \addtolength{\topmargin}{-2.49998pt}.

[266]
Underfull \vbox (badness 2961) has occurred while \output is active []




Package fancyhdr Warning: \headheight is too small (12.0pt): 
(fancyhdr)                Make it at least 14.49998pt, for example:
(fancyhdr)                \setlength{\headheight}{14.49998pt}.
(fancyhdr)                You might also make \topmargin smaller:
(fancyhdr)                \addtolength{\topmargin}{-2.49998pt}.

[267]


Package fancyhdr Warning: \headheight is too small (12.0pt): 
(fancyhdr)                Make it at least 14.49998pt, for example:
(fancyhdr)                \setlength{\headheight}{14.49998pt}.
(fancyhdr)                You might also make \topmargin smaller:
(fancyhdr)                \addtolength{\topmargin}{-2.49998pt}.

[268]


Package fancyhdr Warning: \headheight is too small (12.0pt): 
(fancyhdr)                Make it at least 14.49998pt, for example:
(fancyhdr)                \setlength{\headheight}{14.49998pt}.
(fancyhdr)                You might also make \topmargin smaller:
(fancyhdr)                \addtolength{\topmargin}{-2.49998pt}.

[269]


Package fancyhdr Warning: \headheight is too small (12.0pt): 
(fancyhdr)                Make it at least 14.49998pt, for example:
(fancyhdr)                \setlength{\headheight}{14.49998pt}.
(fancyhdr)                You might also make \topmargin smaller:
(fancyhdr)                \addtolength{\topmargin}{-2.49998pt}.

[270]


Package fancyhdr Warning: \headheight is too small (12.0pt): 
(fancyhdr)                Make it at least 14.49998pt, for example:
(fancyhdr)                \setlength{\headheight}{14.49998pt}.
(fancyhdr)                You might also make \topmargin smaller:
(fancyhdr)                \addtolength{\topmargin}{-2.49998pt}.

[271]


Package fancyhdr Warning: \headheight is too small (12.0pt): 
(fancyhdr)                Make it at least 14.49998pt, for example:
(fancyhdr)                \setlength{\headheight}{14.49998pt}.
(fancyhdr)                You might also make \topmargin smaller:
(fancyhdr)                \addtolength{\topmargin}{-2.49998pt}.

[272]


Package fancyhdr Warning: \headheight is too small (12.0pt): 
(fancyhdr)                Make it at least 14.49998pt, for example:
(fancyhdr)                \setlength{\headheight}{14.49998pt}.
(fancyhdr)                You might also make \topmargin smaller:
(fancyhdr)                \addtolength{\topmargin}{-2.49998pt}.

[273]


Package fancyhdr Warning: \headheight is too small (12.0pt): 
(fancyhdr)                Make it at least 14.49998pt, for example:
(fancyhdr)                \setlength{\headheight}{14.49998pt}.
(fancyhdr)                You might also make \topmargin smaller:
(fancyhdr)                \addtolength{\topmargin}{-2.49998pt}.

[274]

[275

]

[276]
Ch\uhorn \ohorn ng 29.

Overfull \hbox (71.63501pt too wide) in paragraph at lines 5031--5032
[]\T5/cmr/m/n/12 Xem t�i []$\T5/cmtt/m/n/12 http : / / boxitvn . blogspot . fr / 2011 / 11 / nguyen-[]thanh-[]giang-[]toi-[]xin-[]phep-[]uoc-[]moi .
 []



[277



]


Package fancyhdr Warning: \headheight is too small (12.0pt): 
(fancyhdr)                Make it at least 14.49998pt, for example:
(fancyhdr)                \setlength{\headheight}{14.49998pt}.
(fancyhdr)                You might also make \topmargin smaller:
(fancyhdr)                \addtolength{\topmargin}{-2.49998pt}.

[278

]
Ch\uhorn \ohorn ng 30.
<TaQuangBuu_LeVanThiem_PhanDinhDieu_nhungnam80.jpg, id=1349, 3959.79375pt x 2566.58875pt>
File: TaQuangBuu_LeVanThiem_PhanDinhDieu_nhungnam80.jpg Graphic file (type jpg)
<use TaQuangBuu_LeVanThiem_PhanDinhDieu_nhungnam80.jpg>
Package pdftex.def Info: TaQuangBuu_LeVanThiem_PhanDinhDieu_nhungnam80.jpg  used on input line 5037.
(pdftex.def)             Requested size: 296.97173pt x 192.48586pt.


[279 <./TaQuangBuu_LeVanThiem_PhanDinhDieu_nhungnam80.jpg>]
Underfull \vbox (badness 2961) has occurred while \output is active []




Package fancyhdr Warning: \headheight is too small (12.0pt): 
(fancyhdr)                Make it at least 14.49998pt, for example:
(fancyhdr)                \setlength{\headheight}{14.49998pt}.
(fancyhdr)                You might also make \topmargin smaller:
(fancyhdr)                \addtolength{\topmargin}{-2.49998pt}.

[280]
Underfull \vbox (badness 2961) has occurred while \output is active []




Package fancyhdr Warning: \headheight is too small (12.0pt): 
(fancyhdr)                Make it at least 14.49998pt, for example:
(fancyhdr)                \setlength{\headheight}{14.49998pt}.
(fancyhdr)                You might also make \topmargin smaller:
(fancyhdr)                \addtolength{\topmargin}{-2.49998pt}.

[281]


Package fancyhdr Warning: \headheight is too small (12.0pt): 
(fancyhdr)                Make it at least 14.49998pt, for example:
(fancyhdr)                \setlength{\headheight}{14.49998pt}.
(fancyhdr)                You might also make \topmargin smaller:
(fancyhdr)                \addtolength{\topmargin}{-2.49998pt}.

[282]
Ch\uhorn \ohorn ng 31.

Underfull \hbox (badness 10000) in paragraph at lines 5083--5084

 []


Underfull \hbox (badness 10000) in paragraph at lines 5085--5093

 []



[283

]


Package fancyhdr Warning: \headheight is too small (12.0pt): 
(fancyhdr)                Make it at least 14.49998pt, for example:
(fancyhdr)                \setlength{\headheight}{14.49998pt}.
(fancyhdr)                You might also make \topmargin smaller:
(fancyhdr)                \addtolength{\topmargin}{-2.49998pt}.

[284

]
Ch\uhorn \ohorn ng 32.


[285]
Underfull \vbox (badness 10000) has occurred while \output is active []




Package fancyhdr Warning: \headheight is too small (12.0pt): 
(fancyhdr)                Make it at least 14.49998pt, for example:
(fancyhdr)                \setlength{\headheight}{14.49998pt}.
(fancyhdr)                You might also make \topmargin smaller:
(fancyhdr)                \addtolength{\topmargin}{-2.49998pt}.

[286]


Package fancyhdr Warning: \headheight is too small (12.0pt): 
(fancyhdr)                Make it at least 14.49998pt, for example:
(fancyhdr)                \setlength{\headheight}{14.49998pt}.
(fancyhdr)                You might also make \topmargin smaller:
(fancyhdr)                \addtolength{\topmargin}{-2.49998pt}.

[287]


Package fancyhdr Warning: \headheight is too small (12.0pt): 
(fancyhdr)                Make it at least 14.49998pt, for example:
(fancyhdr)                \setlength{\headheight}{14.49998pt}.
(fancyhdr)                You might also make \topmargin smaller:
(fancyhdr)                \addtolength{\topmargin}{-2.49998pt}.

[288

]
Ch\uhorn \ohorn ng 33.


[289]
Underfull \vbox (badness 10000) has occurred while \output is active []




Package fancyhdr Warning: \headheight is too small (12.0pt): 
(fancyhdr)                Make it at least 14.49998pt, for example:
(fancyhdr)                \setlength{\headheight}{14.49998pt}.
(fancyhdr)                You might also make \topmargin smaller:
(fancyhdr)                \addtolength{\topmargin}{-2.49998pt}.

[290]


Package fancyhdr Warning: \headheight is too small (12.0pt): 
(fancyhdr)                Make it at least 14.49998pt, for example:
(fancyhdr)                \setlength{\headheight}{14.49998pt}.
(fancyhdr)                You might also make \topmargin smaller:
(fancyhdr)                \addtolength{\topmargin}{-2.49998pt}.

[291]


Package fancyhdr Warning: \headheight is too small (12.0pt): 
(fancyhdr)                Make it at least 14.49998pt, for example:
(fancyhdr)                \setlength{\headheight}{14.49998pt}.
(fancyhdr)                You might also make \topmargin smaller:
(fancyhdr)                \addtolength{\topmargin}{-2.49998pt}.

[292

]
Ch\uhorn \ohorn ng 34.


[293]
Underfull \vbox (badness 10000) has occurred while \output is active []




Package fancyhdr Warning: \headheight is too small (12.0pt): 
(fancyhdr)                Make it at least 14.49998pt, for example:
(fancyhdr)                \setlength{\headheight}{14.49998pt}.
(fancyhdr)                You might also make \topmargin smaller:
(fancyhdr)                \addtolength{\topmargin}{-2.49998pt}.

[294]


Package fancyhdr Warning: \headheight is too small (12.0pt): 
(fancyhdr)                Make it at least 14.49998pt, for example:
(fancyhdr)                \setlength{\headheight}{14.49998pt}.
(fancyhdr)                You might also make \topmargin smaller:
(fancyhdr)                \addtolength{\topmargin}{-2.49998pt}.

[295]


Package fancyhdr Warning: \headheight is too small (12.0pt): 
(fancyhdr)                Make it at least 14.49998pt, for example:
(fancyhdr)                \setlength{\headheight}{14.49998pt}.
(fancyhdr)                You might also make \topmargin smaller:
(fancyhdr)                \addtolength{\topmargin}{-2.49998pt}.

[296

]
Ch\uhorn \ohorn ng 35.


[297]


Package fancyhdr Warning: \headheight is too small (12.0pt): 
(fancyhdr)                Make it at least 14.49998pt, for example:
(fancyhdr)                \setlength{\headheight}{14.49998pt}.
(fancyhdr)                You might also make \topmargin smaller:
(fancyhdr)                \addtolength{\topmargin}{-2.49998pt}.

[298]


Package fancyhdr Warning: \headheight is too small (12.0pt): 
(fancyhdr)                Make it at least 14.49998pt, for example:
(fancyhdr)                \setlength{\headheight}{14.49998pt}.
(fancyhdr)                You might also make \topmargin smaller:
(fancyhdr)                \addtolength{\topmargin}{-2.49998pt}.

[299]
Underfull \vbox (badness 2961) has occurred while \output is active []




Package fancyhdr Warning: \headheight is too small (12.0pt): 
(fancyhdr)                Make it at least 14.49998pt, for example:
(fancyhdr)                \setlength{\headheight}{14.49998pt}.
(fancyhdr)                You might also make \topmargin smaller:
(fancyhdr)                \addtolength{\topmargin}{-2.49998pt}.

[300]
Underfull \vbox (badness 2961) has occurred while \output is active []




Package fancyhdr Warning: \headheight is too small (12.0pt): 
(fancyhdr)                Make it at least 14.49998pt, for example:
(fancyhdr)                \setlength{\headheight}{14.49998pt}.
(fancyhdr)                You might also make \topmargin smaller:
(fancyhdr)                \addtolength{\topmargin}{-2.49998pt}.

[301]


Package fancyhdr Warning: \headheight is too small (12.0pt): 
(fancyhdr)                Make it at least 14.49998pt, for example:
(fancyhdr)                \setlength{\headheight}{14.49998pt}.
(fancyhdr)                You might also make \topmargin smaller:
(fancyhdr)                \addtolength{\topmargin}{-2.49998pt}.

[302]


Package fancyhdr Warning: \headheight is too small (12.0pt): 
(fancyhdr)                Make it at least 14.49998pt, for example:
(fancyhdr)                \setlength{\headheight}{14.49998pt}.
(fancyhdr)                You might also make \topmargin smaller:
(fancyhdr)                \addtolength{\topmargin}{-2.49998pt}.

[303]
Underfull \hbox (badness 10000) in paragraph at lines 5643--5644

 []


Underfull \hbox (badness 10000) in paragraph at lines 5645--5646

 []


Underfull \hbox (badness 10000) in paragraph at lines 5677--5679

 []




Package fancyhdr Warning: \headheight is too small (12.0pt): 
(fancyhdr)                Make it at least 14.49998pt, for example:
(fancyhdr)                \setlength{\headheight}{14.49998pt}.
(fancyhdr)                You might also make \topmargin smaller:
(fancyhdr)                \addtolength{\topmargin}{-2.49998pt}.

[304]


Package fancyhdr Warning: \headheight is too small (12.0pt): 
(fancyhdr)                Make it at least 14.49998pt, for example:
(fancyhdr)                \setlength{\headheight}{14.49998pt}.
(fancyhdr)                You might also make \topmargin smaller:
(fancyhdr)                \addtolength{\topmargin}{-2.49998pt}.

[305]
<Bo&con.jpg, id=1471, 1943.26pt x 2601.72pt>
File: Bo&con.jpg Graphic file (type jpg)
<use Bo&con.jpg>
Package pdftex.def Info: Bo&con.jpg  used on input line 5752.
(pdftex.def)             Requested size: 227.62206pt x 304.72952pt.
<Bo&con2.jpg, id=1472, 3468.96pt x 2312.64pt>
File: Bo&con2.jpg Graphic file (type jpg)
<use Bo&con2.jpg>
Package pdftex.def Info: Bo&con2.jpg  used on input line 5755.
(pdftex.def)             Requested size: 273.14923pt x 182.08607pt.


LaTeX Warning: `!h' float specifier changed to `!ht'.




Package fancyhdr Warning: \headheight is too small (12.0pt): 
(fancyhdr)                Make it at least 14.49998pt, for example:
(fancyhdr)                \setlength{\headheight}{14.49998pt}.
(fancyhdr)                You might also make \topmargin smaller:
(fancyhdr)                \addtolength{\topmargin}{-2.49998pt}.

[306]


Package fancyhdr Warning: \headheight is too small (12.0pt): 
(fancyhdr)                Make it at least 14.49998pt, for example:
(fancyhdr)                \setlength{\headheight}{14.49998pt}.
(fancyhdr)                You might also make \topmargin smaller:
(fancyhdr)                \addtolength{\topmargin}{-2.49998pt}.

[307 <./Bo&con.jpg> <./Bo&con2.jpg>]


Package fancyhdr Warning: \headheight is too small (12.0pt): 
(fancyhdr)                Make it at least 14.49998pt, for example:
(fancyhdr)                \setlength{\headheight}{14.49998pt}.
(fancyhdr)                You might also make \topmargin smaller:
(fancyhdr)                \addtolength{\topmargin}{-2.49998pt}.

[308

]

[309]

[310]

Package hyperref Warning: Difference (2) between bookmark levels is greater 
(hyperref)                than one, level fixed on input line 5786.




Package fancyhdr Warning: \headheight is too small (12.0pt): 
(fancyhdr)                Make it at least 14.49998pt, for example:
(fancyhdr)                \setlength{\headheight}{14.49998pt}.
(fancyhdr)                You might also make \topmargin smaller:
(fancyhdr)                \addtolength{\topmargin}{-2.49998pt}.

[311


]
Underfull \vbox (badness 1178) has occurred while \output is active []




Package fancyhdr Warning: \headheight is too small (12.0pt): 
(fancyhdr)                Make it at least 14.49998pt, for example:
(fancyhdr)                \setlength{\headheight}{14.49998pt}.
(fancyhdr)                You might also make \topmargin smaller:
(fancyhdr)                \addtolength{\topmargin}{-2.49998pt}.

[312]
Underfull \vbox (badness 1248) has occurred while \output is active []




Package fancyhdr Warning: \headheight is too small (12.0pt): 
(fancyhdr)                Make it at least 14.49998pt, for example:
(fancyhdr)                \setlength{\headheight}{14.49998pt}.
(fancyhdr)                You might also make \topmargin smaller:
(fancyhdr)                \addtolength{\topmargin}{-2.49998pt}.

[313]
Underfull \vbox (badness 1248) has occurred while \output is active []




Package fancyhdr Warning: \headheight is too small (12.0pt): 
(fancyhdr)                Make it at least 14.49998pt, for example:
(fancyhdr)                \setlength{\headheight}{14.49998pt}.
(fancyhdr)                You might also make \topmargin smaller:
(fancyhdr)                \addtolength{\topmargin}{-2.49998pt}.

[314]
Underfull \vbox (badness 3977) has occurred while \output is active []




Package fancyhdr Warning: \headheight is too small (12.0pt): 
(fancyhdr)                Make it at least 14.49998pt, for example:
(fancyhdr)                \setlength{\headheight}{14.49998pt}.
(fancyhdr)                You might also make \topmargin smaller:
(fancyhdr)                \addtolength{\topmargin}{-2.49998pt}.

[315]
Overfull \hbox (6.94289pt too wide) in paragraph at lines 5840--5842
[]\T5/cmr/m/n/12 B�i n�y c�n thi�u ph�n 1 ^^_�n 5. []$\T5/cmtt/m/n/12 http : / / www . diendan . org / tai-[]lieu / bao-[]cu / so-[]025 /
 []


Underfull \vbox (badness 10000) has occurred while \output is active []




Package fancyhdr Warning: \headheight is too small (12.0pt): 
(fancyhdr)                Make it at least 14.49998pt, for example:
(fancyhdr)                \setlength{\headheight}{14.49998pt}.
(fancyhdr)                You might also make \topmargin smaller:
(fancyhdr)                \addtolength{\topmargin}{-2.49998pt}.

[316]


Package fancyhdr Warning: \headheight is too small (12.0pt): 
(fancyhdr)                Make it at least 14.49998pt, for example:
(fancyhdr)                \setlength{\headheight}{14.49998pt}.
(fancyhdr)                You might also make \topmargin smaller:
(fancyhdr)                \addtolength{\topmargin}{-2.49998pt}.

[317]


Package fancyhdr Warning: \headheight is too small (12.0pt): 
(fancyhdr)                Make it at least 14.49998pt, for example:
(fancyhdr)                \setlength{\headheight}{14.49998pt}.
(fancyhdr)                You might also make \topmargin smaller:
(fancyhdr)                \addtolength{\topmargin}{-2.49998pt}.

[318]


Package fancyhdr Warning: \headheight is too small (12.0pt): 
(fancyhdr)                Make it at least 14.49998pt, for example:
(fancyhdr)                \setlength{\headheight}{14.49998pt}.
(fancyhdr)                You might also make \topmargin smaller:
(fancyhdr)                \addtolength{\topmargin}{-2.49998pt}.

[319]


Package fancyhdr Warning: \headheight is too small (12.0pt): 
(fancyhdr)                Make it at least 14.49998pt, for example:
(fancyhdr)                \setlength{\headheight}{14.49998pt}.
(fancyhdr)                You might also make \topmargin smaller:
(fancyhdr)                \addtolength{\topmargin}{-2.49998pt}.

[320]


Package fancyhdr Warning: \headheight is too small (12.0pt): 
(fancyhdr)                Make it at least 14.49998pt, for example:
(fancyhdr)                \setlength{\headheight}{14.49998pt}.
(fancyhdr)                You might also make \topmargin smaller:
(fancyhdr)                \addtolength{\topmargin}{-2.49998pt}.

[321]


Package fancyhdr Warning: \headheight is too small (12.0pt): 
(fancyhdr)                Make it at least 14.49998pt, for example:
(fancyhdr)                \setlength{\headheight}{14.49998pt}.
(fancyhdr)                You might also make \topmargin smaller:
(fancyhdr)                \addtolength{\topmargin}{-2.49998pt}.

[322]


Package fancyhdr Warning: \headheight is too small (12.0pt): 
(fancyhdr)                Make it at least 14.49998pt, for example:
(fancyhdr)                \setlength{\headheight}{14.49998pt}.
(fancyhdr)                You might also make \topmargin smaller:
(fancyhdr)                \addtolength{\topmargin}{-2.49998pt}.

[323]


Package fancyhdr Warning: \headheight is too small (12.0pt): 
(fancyhdr)                Make it at least 14.49998pt, for example:
(fancyhdr)                \setlength{\headheight}{14.49998pt}.
(fancyhdr)                You might also make \topmargin smaller:
(fancyhdr)                \addtolength{\topmargin}{-2.49998pt}.

[324]


Package fancyhdr Warning: \headheight is too small (12.0pt): 
(fancyhdr)                Make it at least 14.49998pt, for example:
(fancyhdr)                \setlength{\headheight}{14.49998pt}.
(fancyhdr)                You might also make \topmargin smaller:
(fancyhdr)                \addtolength{\topmargin}{-2.49998pt}.

[325]
Overfull \hbox (2.60156pt too wide) in paragraph at lines 6019--6021
\T5/cmtt/m/n/12 tai-[]lieu / bao-[]cu / so-[]038 / pdd-[]tra-[]loi / ?searchterm = Phan % 20 % C4 % 90 % C3 % 8Cnh %
 []




Package fancyhdr Warning: \headheight is too small (12.0pt): 
(fancyhdr)                Make it at least 14.49998pt, for example:
(fancyhdr)                \setlength{\headheight}{14.49998pt}.
(fancyhdr)                You might also make \topmargin smaller:
(fancyhdr)                \addtolength{\topmargin}{-2.49998pt}.

[326]


Package fancyhdr Warning: \headheight is too small (12.0pt): 
(fancyhdr)                Make it at least 14.49998pt, for example:
(fancyhdr)                \setlength{\headheight}{14.49998pt}.
(fancyhdr)                You might also make \topmargin smaller:
(fancyhdr)                \addtolength{\topmargin}{-2.49998pt}.

[327]

/Users/hieuphan/Documents/GitHub/phandinhdieu.github.io/BOOKS_PhanDinhDieu/Book_PhanDinhDieu_NghiSuy/main.tex:6058: LaTeX Error: Unicode character � (U+FFFD)
               not set up for use with LaTeX.

See the LaTeX manual or LaTeX Companion for explanation.
Type  H <return>  for immediate help.
 ...                                              
                                                  
l.6058 ...��c trao đổi, trừ một vài thu�
                                                  ��t ngữ mà tôi nh�...
You may provide a definition with
\DeclareUnicodeCharacter 


/Users/hieuphan/Documents/GitHub/phandinhdieu.github.io/BOOKS_PhanDinhDieu/Book_PhanDinhDieu_NghiSuy/main.tex:6058: LaTeX Error: Unicode character � (U+FFFD)
               not set up for use with LaTeX.

See the LaTeX manual or LaTeX Companion for explanation.
Type  H <return>  for immediate help.
 ...                                              
                                                  
l.6058 ... trao đổi, trừ một vài thu��
                                                  �t ngữ mà tôi nhớ ...
You may provide a definition with
\DeclareUnicodeCharacter 


/Users/hieuphan/Documents/GitHub/phandinhdieu.github.io/BOOKS_PhanDinhDieu/Book_PhanDinhDieu_NghiSuy/main.tex:6058: LaTeX Error: Unicode character � (U+FFFD)
               not set up for use with LaTeX.

See the LaTeX manual or LaTeX Companion for explanation.
Type  H <return>  for immediate help.
 ...                                              
                                                  
l.6058 ...ao đổi, trừ một vài thu���
                                                  t ngữ mà tôi nhớ là...
You may provide a definition with
\DeclareUnicodeCharacter 




Package fancyhdr Warning: \headheight is too small (12.0pt): 
(fancyhdr)                Make it at least 14.49998pt, for example:
(fancyhdr)                \setlength{\headheight}{14.49998pt}.
(fancyhdr)                You might also make \topmargin smaller:
(fancyhdr)                \addtolength{\topmargin}{-2.49998pt}.

[328]


Package fancyhdr Warning: \headheight is too small (12.0pt): 
(fancyhdr)                Make it at least 14.49998pt, for example:
(fancyhdr)                \setlength{\headheight}{14.49998pt}.
(fancyhdr)                You might also make \topmargin smaller:
(fancyhdr)                \addtolength{\topmargin}{-2.49998pt}.

[329]
Overfull \hbox (21.05913pt too wide) in paragraph at lines 6086--6088
[]\T5/cmr/m/n/12 Th� ng� g�i L� Quang V�nh (Nguy�n Ng�c Giao) []$\T5/cmtt/m/n/12 http : / / www . diendan . org / tai-[]lieu /
 []




Package fancyhdr Warning: \headheight is too small (12.0pt): 
(fancyhdr)                Make it at least 14.49998pt, for example:
(fancyhdr)                \setlength{\headheight}{14.49998pt}.
(fancyhdr)                You might also make \topmargin smaller:
(fancyhdr)                \addtolength{\topmargin}{-2.49998pt}.

[330]


Package fancyhdr Warning: \headheight is too small (12.0pt): 
(fancyhdr)                Make it at least 14.49998pt, for example:
(fancyhdr)                \setlength{\headheight}{14.49998pt}.
(fancyhdr)                You might also make \topmargin smaller:
(fancyhdr)                \addtolength{\topmargin}{-2.49998pt}.

[331]


Package fancyhdr Warning: \headheight is too small (12.0pt): 
(fancyhdr)                Make it at least 14.49998pt, for example:
(fancyhdr)                \setlength{\headheight}{14.49998pt}.
(fancyhdr)                You might also make \topmargin smaller:
(fancyhdr)                \addtolength{\topmargin}{-2.49998pt}.

[332]


Package fancyhdr Warning: \headheight is too small (12.0pt): 
(fancyhdr)                Make it at least 14.49998pt, for example:
(fancyhdr)                \setlength{\headheight}{14.49998pt}.
(fancyhdr)                You might also make \topmargin smaller:
(fancyhdr)                \addtolength{\topmargin}{-2.49998pt}.

[333]
Overfull \hbox (32.45723pt too wide) in paragraph at lines 6179--6181
\T5/cmr/m/n/12 14-2-2006 []$\T5/cmtt/m/n/12 http : / / www . diendan . org / tai-[]lieu / tai-[]lieu / mot-[]lo-[]trinh-[]cho-[]dan-[]chu-[]hoa /
 []




Package fancyhdr Warning: \headheight is too small (12.0pt): 
(fancyhdr)                Make it at least 14.49998pt, for example:
(fancyhdr)                \setlength{\headheight}{14.49998pt}.
(fancyhdr)                You might also make \topmargin smaller:
(fancyhdr)                \addtolength{\topmargin}{-2.49998pt}.

[334]


Package fancyhdr Warning: \headheight is too small (12.0pt): 
(fancyhdr)                Make it at least 14.49998pt, for example:
(fancyhdr)                \setlength{\headheight}{14.49998pt}.
(fancyhdr)                You might also make \topmargin smaller:
(fancyhdr)                \addtolength{\topmargin}{-2.49998pt}.

[335]
Underfull \hbox (badness 10000) in paragraph at lines 6220--6221

 []




Package fancyhdr Warning: \headheight is too small (12.0pt): 
(fancyhdr)                Make it at least 14.49998pt, for example:
(fancyhdr)                \setlength{\headheight}{14.49998pt}.
(fancyhdr)                You might also make \topmargin smaller:
(fancyhdr)                \addtolength{\topmargin}{-2.49998pt}.

[336]
Overfull \hbox (23.71915pt too wide) in paragraph at lines 6222--6223
[][]$\T5/cmtt/m/n/12 http : / / www . diendan . org / khoa-[]hoc-[]ky-[]thuat / ban-[]ve-[]hien-[]111ai-[]trong-[]khoa-[]hoc /
 []




Package fancyhdr Warning: \headheight is too small (12.0pt): 
(fancyhdr)                Make it at least 14.49998pt, for example:
(fancyhdr)                \setlength{\headheight}{14.49998pt}.
(fancyhdr)                You might also make \topmargin smaller:
(fancyhdr)                \addtolength{\topmargin}{-2.49998pt}.

[337]
Overfull \hbox (59.7601pt too wide) in paragraph at lines 6267--6268
[][]$\T5/cmtt/m/n/12 http : / / www . diendan . org / tai-[]lieu / tai-[]lieu / con-[]duong-[]tiep-[]tuc-[]doi-[]moi / ?searchterm =
 []




Package fancyhdr Warning: \headheight is too small (12.0pt): 
(fancyhdr)                Make it at least 14.49998pt, for example:
(fancyhdr)                \setlength{\headheight}{14.49998pt}.
(fancyhdr)                You might also make \topmargin smaller:
(fancyhdr)                \addtolength{\topmargin}{-2.49998pt}.

[338]


Package fancyhdr Warning: \headheight is too small (12.0pt): 
(fancyhdr)                Make it at least 14.49998pt, for example:
(fancyhdr)                \setlength{\headheight}{14.49998pt}.
(fancyhdr)                You might also make \topmargin smaller:
(fancyhdr)                \addtolength{\topmargin}{-2.49998pt}.

[339]


Package fancyhdr Warning: \headheight is too small (12.0pt): 
(fancyhdr)                Make it at least 14.49998pt, for example:
(fancyhdr)                \setlength{\headheight}{14.49998pt}.
(fancyhdr)                You might also make \topmargin smaller:
(fancyhdr)                \addtolength{\topmargin}{-2.49998pt}.

[340]


Package fancyhdr Warning: \headheight is too small (12.0pt): 
(fancyhdr)                Make it at least 14.49998pt, for example:
(fancyhdr)                \setlength{\headheight}{14.49998pt}.
(fancyhdr)                You might also make \topmargin smaller:
(fancyhdr)                \addtolength{\topmargin}{-2.49998pt}.

[341]


Package fancyhdr Warning: \headheight is too small (12.0pt): 
(fancyhdr)                Make it at least 14.49998pt, for example:
(fancyhdr)                \setlength{\headheight}{14.49998pt}.
(fancyhdr)                You might also make \topmargin smaller:
(fancyhdr)                \addtolength{\topmargin}{-2.49998pt}.

[342]


Package fancyhdr Warning: \headheight is too small (12.0pt): 
(fancyhdr)                Make it at least 14.49998pt, for example:
(fancyhdr)                \setlength{\headheight}{14.49998pt}.
(fancyhdr)                You might also make \topmargin smaller:
(fancyhdr)                \addtolength{\topmargin}{-2.49998pt}.

[343]
Overfull \hbox (16.54565pt too wide) in paragraph at lines 6343--6344
[][]$\T5/cmtt/m/n/12 http : / / yume . vn / thngxanhcty / article / sang-[]tao-[]o-[]ben-[]bo-[]hon-[]don-[]35C39E5B . htm$[] 
 []




Package fancyhdr Warning: \headheight is too small (12.0pt): 
(fancyhdr)                Make it at least 14.49998pt, for example:
(fancyhdr)                \setlength{\headheight}{14.49998pt}.
(fancyhdr)                You might also make \topmargin smaller:
(fancyhdr)                \addtolength{\topmargin}{-2.49998pt}.

[344]


Package fancyhdr Warning: \headheight is too small (12.0pt): 
(fancyhdr)                Make it at least 14.49998pt, for example:
(fancyhdr)                \setlength{\headheight}{14.49998pt}.
(fancyhdr)                You might also make \topmargin smaller:
(fancyhdr)                \addtolength{\topmargin}{-2.49998pt}.

[345]


Package fancyhdr Warning: \headheight is too small (12.0pt): 
(fancyhdr)                Make it at least 14.49998pt, for example:
(fancyhdr)                \setlength{\headheight}{14.49998pt}.
(fancyhdr)                You might also make \topmargin smaller:
(fancyhdr)                \addtolength{\topmargin}{-2.49998pt}.

[346]


Package fancyhdr Warning: \headheight is too small (12.0pt): 
(fancyhdr)                Make it at least 14.49998pt, for example:
(fancyhdr)                \setlength{\headheight}{14.49998pt}.
(fancyhdr)                You might also make \topmargin smaller:
(fancyhdr)                \addtolength{\topmargin}{-2.49998pt}.

[347]


Package fancyhdr Warning: \headheight is too small (12.0pt): 
(fancyhdr)                Make it at least 14.49998pt, for example:
(fancyhdr)                \setlength{\headheight}{14.49998pt}.
(fancyhdr)                You might also make \topmargin smaller:
(fancyhdr)                \addtolength{\topmargin}{-2.49998pt}.

[348]


Package fancyhdr Warning: \headheight is too small (12.0pt): 
(fancyhdr)                Make it at least 14.49998pt, for example:
(fancyhdr)                \setlength{\headheight}{14.49998pt}.
(fancyhdr)                You might also make \topmargin smaller:
(fancyhdr)                \addtolength{\topmargin}{-2.49998pt}.

[349]
Underfull \vbox (badness 10000) has occurred while \output is active []




Package fancyhdr Warning: \headheight is too small (12.0pt): 
(fancyhdr)                Make it at least 14.49998pt, for example:
(fancyhdr)                \setlength{\headheight}{14.49998pt}.
(fancyhdr)                You might also make \topmargin smaller:
(fancyhdr)                \addtolength{\topmargin}{-2.49998pt}.

[350]


Package fancyhdr Warning: \headheight is too small (12.0pt): 
(fancyhdr)                Make it at least 14.49998pt, for example:
(fancyhdr)                \setlength{\headheight}{14.49998pt}.
(fancyhdr)                You might also make \topmargin smaller:
(fancyhdr)                \addtolength{\topmargin}{-2.49998pt}.

[351]
Underfull \vbox (badness 1178) has occurred while \output is active []




Package fancyhdr Warning: \headheight is too small (12.0pt): 
(fancyhdr)                Make it at least 14.49998pt, for example:
(fancyhdr)                \setlength{\headheight}{14.49998pt}.
(fancyhdr)                You might also make \topmargin smaller:
(fancyhdr)                \addtolength{\topmargin}{-2.49998pt}.

[352]
Underfull \vbox (badness 1248) has occurred while \output is active []




Package fancyhdr Warning: \headheight is too small (12.0pt): 
(fancyhdr)                Make it at least 14.49998pt, for example:
(fancyhdr)                \setlength{\headheight}{14.49998pt}.
(fancyhdr)                You might also make \topmargin smaller:
(fancyhdr)                \addtolength{\topmargin}{-2.49998pt}.

[353]
Underfull \vbox (badness 10000) has occurred while \output is active []




Package fancyhdr Warning: \headheight is too small (12.0pt): 
(fancyhdr)                Make it at least 14.49998pt, for example:
(fancyhdr)                \setlength{\headheight}{14.49998pt}.
(fancyhdr)                You might also make \topmargin smaller:
(fancyhdr)                \addtolength{\topmargin}{-2.49998pt}.

[354]
Underfull \vbox (badness 10000) has occurred while \output is active []




Package fancyhdr Warning: \headheight is too small (12.0pt): 
(fancyhdr)                Make it at least 14.49998pt, for example:
(fancyhdr)                \setlength{\headheight}{14.49998pt}.
(fancyhdr)                You might also make \topmargin smaller:
(fancyhdr)                \addtolength{\topmargin}{-2.49998pt}.

[355]
Underfull \vbox (badness 2961) has occurred while \output is active []




Package fancyhdr Warning: \headheight is too small (12.0pt): 
(fancyhdr)                Make it at least 14.49998pt, for example:
(fancyhdr)                \setlength{\headheight}{14.49998pt}.
(fancyhdr)                You might also make \topmargin smaller:
(fancyhdr)                \addtolength{\topmargin}{-2.49998pt}.

[356]
Underfull \vbox (badness 10000) has occurred while \output is active []




Package fancyhdr Warning: \headheight is too small (12.0pt): 
(fancyhdr)                Make it at least 14.49998pt, for example:
(fancyhdr)                \setlength{\headheight}{14.49998pt}.
(fancyhdr)                You might also make \topmargin smaller:
(fancyhdr)                \addtolength{\topmargin}{-2.49998pt}.

[357]


Package fancyhdr Warning: \headheight is too small (12.0pt): 
(fancyhdr)                Make it at least 14.49998pt, for example:
(fancyhdr)                \setlength{\headheight}{14.49998pt}.
(fancyhdr)                You might also make \topmargin smaller:
(fancyhdr)                \addtolength{\topmargin}{-2.49998pt}.

[358]
Underfull \vbox (badness 10000) has occurred while \output is active []




Package fancyhdr Warning: \headheight is too small (12.0pt): 
(fancyhdr)                Make it at least 14.49998pt, for example:
(fancyhdr)                \setlength{\headheight}{14.49998pt}.
(fancyhdr)                You might also make \topmargin smaller:
(fancyhdr)                \addtolength{\topmargin}{-2.49998pt}.

[359]
Overfull \hbox (33.19972pt too wide) in paragraph at lines 6535--6535
\T5/cmr/bx/n/17.28 �ng d�ng to�n h�c v� d�n ch� Stein T\OT1/cmr/bx/n/17.28 ^^_\T5/cmr/bx/n/17.28 NNESSON| 
 []




Package fancyhdr Warning: \headheight is too small (12.0pt): 
(fancyhdr)                Make it at least 14.49998pt, for example:
(fancyhdr)                \setlength{\headheight}{14.49998pt}.
(fancyhdr)                You might also make \topmargin smaller:
(fancyhdr)                \addtolength{\topmargin}{-2.49998pt}.

[360]


Package fancyhdr Warning: \headheight is too small (12.0pt): 
(fancyhdr)                Make it at least 14.49998pt, for example:
(fancyhdr)                \setlength{\headheight}{14.49998pt}.
(fancyhdr)                You might also make \topmargin smaller:
(fancyhdr)                \addtolength{\topmargin}{-2.49998pt}.

[361]


Package fancyhdr Warning: \headheight is too small (12.0pt): 
(fancyhdr)                Make it at least 14.49998pt, for example:
(fancyhdr)                \setlength{\headheight}{14.49998pt}.
(fancyhdr)                You might also make \topmargin smaller:
(fancyhdr)                \addtolength{\topmargin}{-2.49998pt}.

[362]


Package fancyhdr Warning: \headheight is too small (12.0pt): 
(fancyhdr)                Make it at least 14.49998pt, for example:
(fancyhdr)                \setlength{\headheight}{14.49998pt}.
(fancyhdr)                You might also make \topmargin smaller:
(fancyhdr)                \addtolength{\topmargin}{-2.49998pt}.

[363]


Package fancyhdr Warning: \headheight is too small (12.0pt): 
(fancyhdr)                Make it at least 14.49998pt, for example:
(fancyhdr)                \setlength{\headheight}{14.49998pt}.
(fancyhdr)                You might also make \topmargin smaller:
(fancyhdr)                \addtolength{\topmargin}{-2.49998pt}.

[364]
Underfull \vbox (badness 1248) has occurred while \output is active []




Package fancyhdr Warning: \headheight is too small (12.0pt): 
(fancyhdr)                Make it at least 14.49998pt, for example:
(fancyhdr)                \setlength{\headheight}{14.49998pt}.
(fancyhdr)                You might also make \topmargin smaller:
(fancyhdr)                \addtolength{\topmargin}{-2.49998pt}.

[365]


Package fancyhdr Warning: \headheight is too small (12.0pt): 
(fancyhdr)                Make it at least 14.49998pt, for example:
(fancyhdr)                \setlength{\headheight}{14.49998pt}.
(fancyhdr)                You might also make \topmargin smaller:
(fancyhdr)                \addtolength{\topmargin}{-2.49998pt}.

[366]


Package fancyhdr Warning: \headheight is too small (12.0pt): 
(fancyhdr)                Make it at least 14.49998pt, for example:
(fancyhdr)                \setlength{\headheight}{14.49998pt}.
(fancyhdr)                You might also make \topmargin smaller:
(fancyhdr)                \addtolength{\topmargin}{-2.49998pt}.

[367]


Package fancyhdr Warning: \headheight is too small (12.0pt): 
(fancyhdr)                Make it at least 14.49998pt, for example:
(fancyhdr)                \setlength{\headheight}{14.49998pt}.
(fancyhdr)                You might also make \topmargin smaller:
(fancyhdr)                \addtolength{\topmargin}{-2.49998pt}.

[368]


Package fancyhdr Warning: \headheight is too small (12.0pt): 
(fancyhdr)                Make it at least 14.49998pt, for example:
(fancyhdr)                \setlength{\headheight}{14.49998pt}.
(fancyhdr)                You might also make \topmargin smaller:
(fancyhdr)                \addtolength{\topmargin}{-2.49998pt}.

[369]


Package fancyhdr Warning: \headheight is too small (12.0pt): 
(fancyhdr)                Make it at least 14.49998pt, for example:
(fancyhdr)                \setlength{\headheight}{14.49998pt}.
(fancyhdr)                You might also make \topmargin smaller:
(fancyhdr)                \addtolength{\topmargin}{-2.49998pt}.

[370]
<phandinhdieu.jpeg, id=1800, 135.50626pt x 145.29282pt>
File: phandinhdieu.jpeg Graphic file (type jpg)
<use phandinhdieu.jpeg>
Package pdftex.def Info: phandinhdieu.jpeg  used on input line 6722.
(pdftex.def)             Requested size: 227.62206pt x 244.0703pt.



Package fancyhdr Warning: \headheight is too small (12.0pt): 
(fancyhdr)                Make it at least 14.49998pt, for example:
(fancyhdr)                \setlength{\headheight}{14.49998pt}.
(fancyhdr)                You might also make \topmargin smaller:
(fancyhdr)                \addtolength{\topmargin}{-2.49998pt}.

[371 <./phandinhdieu.jpeg>]


Package fancyhdr Warning: \headheight is too small (12.0pt): 
(fancyhdr)                Make it at least 14.49998pt, for example:
(fancyhdr)                \setlength{\headheight}{14.49998pt}.
(fancyhdr)                You might also make \topmargin smaller:
(fancyhdr)                \addtolength{\topmargin}{-2.49998pt}.

[372]


Package fancyhdr Warning: \headheight is too small (12.0pt): 
(fancyhdr)                Make it at least 14.49998pt, for example:
(fancyhdr)                \setlength{\headheight}{14.49998pt}.
(fancyhdr)                You might also make \topmargin smaller:
(fancyhdr)                \addtolength{\topmargin}{-2.49998pt}.

[373]


Package fancyhdr Warning: \headheight is too small (12.0pt): 
(fancyhdr)                Make it at least 14.49998pt, for example:
(fancyhdr)                \setlength{\headheight}{14.49998pt}.
(fancyhdr)                You might also make \topmargin smaller:
(fancyhdr)                \addtolength{\topmargin}{-2.49998pt}.

[374]


Package fancyhdr Warning: \headheight is too small (12.0pt): 
(fancyhdr)                Make it at least 14.49998pt, for example:
(fancyhdr)                \setlength{\headheight}{14.49998pt}.
(fancyhdr)                You might also make \topmargin smaller:
(fancyhdr)                \addtolength{\topmargin}{-2.49998pt}.

[375]
<ntngochai_phandinhdieu.jpeg, id=1826, 449.68pt x 337.26pt>
File: ntngochai_phandinhdieu.jpeg Graphic file (type jpg)
<use ntngochai_phandinhdieu.jpeg>
Package pdftex.def Info: ntngochai_phandinhdieu.jpeg  used on input line 6885.
(pdftex.def)             Requested size: 224.83945pt x 168.62958pt.



Package fancyhdr Warning: \headheight is too small (12.0pt): 
(fancyhdr)                Make it at least 14.49998pt, for example:
(fancyhdr)                \setlength{\headheight}{14.49998pt}.
(fancyhdr)                You might also make \topmargin smaller:
(fancyhdr)                \addtolength{\topmargin}{-2.49998pt}.

[376]


Package fancyhdr Warning: \headheight is too small (12.0pt): 
(fancyhdr)                Make it at least 14.49998pt, for example:
(fancyhdr)                \setlength{\headheight}{14.49998pt}.
(fancyhdr)                You might also make \topmargin smaller:
(fancyhdr)                \addtolength{\topmargin}{-2.49998pt}.

[377 <./ntngochai_phandinhdieu.jpeg>]
<haduong.jpeg, id=1835, 401.5pt x 301.125pt>
File: haduong.jpeg Graphic file (type jpg)
<use haduong.jpeg>
Package pdftex.def Info: haduong.jpeg  used on input line 6929.
(pdftex.def)             Requested size: 200.7495pt x 150.56212pt.



Package fancyhdr Warning: \headheight is too small (12.0pt): 
(fancyhdr)                Make it at least 14.49998pt, for example:
(fancyhdr)                \setlength{\headheight}{14.49998pt}.
(fancyhdr)                You might also make \topmargin smaller:
(fancyhdr)                \addtolength{\topmargin}{-2.49998pt}.

[378 <./haduong.jpeg>]
No file main.ind.
No file main.bbl.
No file main.bbl.



Package fancyhdr Warning: \headheight is too small (12.0pt): 
(fancyhdr)                Make it at least 14.49998pt, for example:
(fancyhdr)                \setlength{\headheight}{14.49998pt}.
(fancyhdr)                You might also make \topmargin smaller:
(fancyhdr)                \addtolength{\topmargin}{-2.49998pt}.

[379] (./main.aux)
 ***********
LaTeX2e <2024-11-01> patch level 2
L3 programming layer <2025-01-18>
 ***********


LaTeX Warning: There were undefined references.


LaTeX Warning: Label(s) may have changed. Rerun to get cross-references right.


Package rerunfilecheck Warning: File `main.out' has changed.
(rerunfilecheck)                Rerun to get outlines right
(rerunfilecheck)                or use package `bookmark'.

Package rerunfilecheck Info: Checksums for `main.out':
(rerunfilecheck)             Before: <no file>
(rerunfilecheck)             After:  25B18B571CAD77B0FA24E067803F051F;25115.
 ) 
Here is how much of TeX's memory you used:
 30179 strings out of 473190
 566746 string characters out of 5715800
 1044340 words of memory out of 5000000
 52374 multiletter control sequences out of 15000+600000
 592748 words of font info for 104 fonts, out of 8000000 for 9000
 1141 hyphenation exceptions out of 8191
 98i,12n,131p,9344b,621s stack positions out of 10000i,1000n,20000p,200000b,200000s
</usr/local/texlive/2025/texmf-dist/fonts/type1/public/amsfonts/cm/cmbx12.pfb></usr/local/texlive/2025/texmf-dist/fonts/type1/public/amsfonts/cm/cmmi12.pfb></usr/local/texlive/2025/texmf-dist/fonts/type1/public/amsfonts/cm/cmr12.pfb></usr/local/texlive/2025/texmf-dist/fonts/type1/public/amsfonts/cm/cmr8.pfb></usr/local/texlive/2025/texmf-dist/fonts/type1/public/amsfonts/cm/cmsy10.pfb></usr/local/texlive/2025/texmf-dist/fonts/type1/public/amsfonts/symbols/msam10.pfb></usr/local/texlive/2025/texmf-dist/fonts/type1/public/cm-super/sfrm1200.pfb></usr/local/texlive/2025/texmf-dist/fonts/type1/vntex/vnr/vnbx10.pfb></usr/local/texlive/2025/texmf-dist/fonts/type1/vntex/vnr/vnbx12.pfb></usr/local/texlive/2025/texmf-dist/fonts/type1/vntex/vnr/vnbxti10.pfb></usr/local/texlive/2025/texmf-dist/fonts/type1/vntex/vnr/vnr10.pfb></usr/local/texlive/2025/texmf-dist/fonts/type1/vntex/vnr/vnr12.pfb></usr/local/texlive/2025/texmf-dist/fonts/type1/vntex/vnr/vnr17.pfb></usr/local/texlive/2025/texmf-dist/fonts/type1/vntex/vnr/vnr6.pfb></usr/local/texlive/2025/texmf-dist/fonts/type1/vntex/vnr/vnr7.pfb></usr/local/texlive/2025/texmf-dist/fonts/type1/vntex/vnr/vnr8.pfb></usr/local/texlive/2025/texmf-dist/fonts/type1/vntex/vnr/vnti10.pfb></usr/local/texlive/2025/texmf-dist/fonts/type1/vntex/vnr/vnti12.pfb></usr/local/texlive/2025/texmf-dist/fonts/type1/vntex/vnr/vntt12.pfb>
Output written on main.pdf (379 pages, 24568546 bytes).
PDF statistics:
 2046 PDF objects out of 2073 (max. 8388607)
 1590 compressed objects within 16 object streams
 506 named destinations out of 1000 (max. 500000)
 88 words of extra memory for PDF output out of 10000 (max. 10000000)

